Airplane;Date;Dep-Code;Departure;Way;Des-Code;Dep-Time;Arr-Time;Day;Duration;Price;PriceEx;Date-of-bought;Stop
THY;1.06.2022;ESB;Ankara;IST;AYT;03:05;07:30;Aynı Gün;4s 25d;789;98;16.02.2022;2
THY;1.06.2022;ESB;Ankara;IST;GZT;03:05;08:15;Aynı Gün;5s 10d;909;98;16.02.2022;2
THY;1.06.2022;ESB;Ankara;Direkt;DLM;07:50;09:00;Aynı Gün;1s 10d;606;99;16.02.2022;1
THY;1.06.2022;ESB;Ankara;Direkt;IST;03:05;04:15;Aynı Gün;1s 10d;388;99;16.02.2022;1
THY;1.06.2022;ESB;Ankara;Direkt;IST;07:50;08:55;Aynı Gün;1s 5d;539;99;16.02.2022;1
THY;1.06.2022;ESB;Ankara;ADB;IST;07:55;11:50;Aynı Gün;3s 55d;1.187;99;16.02.2022;2
THY;1.06.2022;ESB;Ankara;IST;KYA;03:05;07:40;Aynı Gün;4s 35d;789;98;16.02.2022;2
THY;1.06.2022;ESB;Ankara;IST;KYA;12:50;19:50;Aynı Gün;7s;1.189;98;16.02.2022;2
THY;1.06.2022;ESB;Ankara;Direkt;ADB;07:55;09:15;Aynı Gün;1s 20d;606;99;16.02.2022;1
THY;1.06.2022;ESB;Ankara;Direkt;TZX;08:00;09:15;Aynı Gün;1s 15d;606;99;16.02.2022;1
THY;1.06.2022;ESB;Ankara;IST;TZX;03:05;07:40;Aynı Gün;4s 35d;1.029;98;16.02.2022;2
THY;1.06.2022;ESB;Ankara;IST;NAV;03:05;07:55;Aynı Gün;4s 50d;969;98;16.02.2022;2
THY;1.07.2022;ESB;Ankara;Direkt;AYT;07:50;09:00;Aynı Gün;1s 10d;606;99;16.02.2022;1
THY;1.07.2022;ESB;Ankara;IST;AYT;07:50;11:30;Aynı Gün;3s 40d;909;98;16.02.2022;2
THY;1.07.2022;ESB;Ankara;Direkt;GZT;23:55;01:05;Sonraki gün;1s 10d;606;99;16.02.2022;1
THY;1.07.2022;ESB;Ankara;IST;GZT;10:30;17:15;Aynı Gün;6s 45d;909;98;16.02.2022;2
THY;1.07.2022;ESB;Ankara;Direkt;DLM;07:55;09:10;Aynı Gün;1s 15d;606;99;16.02.2022;1
THY;1.07.2022;ESB;Ankara;IST;DLM;14:50;19:55;Aynı Gün;5s 5d;1.189;98;16.02.2022;2
THY;1.07.2022;ESB;Ankara;Direkt;IST;03:05;04:15;Aynı Gün;1s 10d;358;99;16.02.2022;1
THY;1.07.2022;ESB;Ankara;BJV;IST;08:00;11:50;Aynı Gün;3s 50d;1.187;99;16.02.2022;2
THY;1.07.2022;ESB;Ankara;AYT;IST;21:45;01:50;Sonraki gün;4s 5d;1.187;99;16.02.2022;2
THY;1.07.2022;ESB;Ankara;IST;KYA;03:05;07:40;Aynı Gün;4s 35d;1.189;98;16.02.2022;2
THY;1.07.2022;ESB;Ankara;Direkt;ADB;08:05;09:25;Aynı Gün;1s 20d;606;99;16.02.2022;1
THY;1.07.2022;ESB;Ankara;SAW;ADB;13:30;16:45;Aynı Gün;3s 15d;1.097;0;16.02.2022;2
THY;1.07.2022;ESB;Ankara;Direkt;TZX;07:15;08:30;Aynı Gün;1s 15d;606;99;16.02.2022;1
THY;1.07.2022;ESB;Ankara;IST;TZX;04:25;10:15;Aynı Gün;5s 50d;1.189;98;16.02.2022;2
THY;1.07.2022;ESB;Ankara;IST;NAV;03:05;07:55;Aynı Gün;4s 50d;1.029;98;16.02.2022;2
THY;1.08.2022;ESB;Ankara;Direkt;AYT;07:15;08:25;Aynı Gün;1s 10d;606;99;16.02.2022;1
THY;1.08.2022;ESB;Ankara;IST;AYT;03:05;07:30;Aynı Gün;4s 25d;1.029;98;16.02.2022;2
THY;1.08.2022;ESB;Ankara;IST;AYT;10:30;13:40;Aynı Gün;3s 10d;969;98;16.02.2022;2
THY;1.08.2022;ESB;Ankara;Direkt;GZT;08:05;09:15;Aynı Gün;1s 10d;606;99;16.02.2022;1
THY;1.08.2022;ESB;Ankara;Direkt;GZT;23:55;01:05;Sonraki gün;1s 10d;606;99;16.02.2022;1
THY;1.08.2022;ESB;Ankara;Direkt;DLM;07:55;09:10;Aynı Gün;1s 15d;606;99;16.02.2022;1
THY;1.08.2022;ESB;Ankara;IST;DLM;11:50;17:30;Aynı Gün;5s 40d;1.189;98;16.02.2022;2
THY;1.08.2022;ESB;Ankara;Direkt;IST;03:05;04:15;Aynı Gün;1s 10d;539;99;16.02.2022;1
THY;1.08.2022;ESB;Ankara;TZX;IST;06:45;10:20;Aynı Gün;3s 35d;1.186;24;16.02.2022;2
THY;1.08.2022;ESB;Ankara;AYT;IST;20:10;23:25;Aynı Gün;3s 15d;1.187;99;16.02.2022;2
THY;1.08.2022;ESB;Ankara;IST;KYA;03:05;07:40;Aynı Gün;4s 35d;1.029;98;16.02.2022;2
THY;1.08.2022;ESB;Ankara;SAW;KYA;14:30;19:55;Aynı Gün;5s 25d;1.097;0;16.02.2022;2
THY;1.08.2022;ESB;Ankara;SAW;KYA;18:10;00:15;Sonraki gün;6s 5d;1.097;0;16.02.2022;2
THY;1.08.2022;ESB;Ankara;Direkt;ADB;07:55;09:15;Aynı Gün;1s 20d;606;99;16.02.2022;1
THY;1.08.2022;ESB;Ankara;Direkt;ADB;18:20;19:35;Aynı Gün;1s 15d;606;99;16.02.2022;1
THY;1.08.2022;ESB;Ankara;Direkt;ADB;23:55;01:10;Sonraki gün;1s 15d;606;99;16.02.2022;1
THY;1.08.2022;ESB;Ankara;Direkt;TZX;06:45;08:00;Aynı Gün;1s 15d;606;99;16.02.2022;1
THY;1.08.2022;ESB;Ankara;Direkt;TZX;19:55;21:10;Aynı Gün;1s 15d;606;99;16.02.2022;1
THY;1.08.2022;ESB;Ankara;IST;NAV;03:05;07:55;Aynı Gün;4s 50d;1.029;98;16.02.2022;2
THY;1.08.2022;ESB;Ankara;SAW IST;NAV;07:00;14:30;Aynı Gün;7s 30d;1.212;99;16.02.2022;25
THY;1.06.2022;ADA;Adana;IST;AYT;03:25;07:30;Aynı Gün;4s 5d;763;23;16.02.2022;2
THY;1.06.2022;ADA;Adana;IST;AYT;08:40;13:40;Aynı Gün;5s;883;23;16.02.2022;2
THY;1.06.2022;ADA;Adana;IST;GZT;03:25;08:15;Aynı Gün;4s 50d;878;48;16.02.2022;2
THY;1.06.2022;ADA;Adana;IST;DLM;03:25;08:00;Aynı Gün;4s 35d;803;23;16.02.2022;2
THY;1.06.2022;ADA;Adana;Direkt;IST;03:25;05:05;Aynı Gün;1s 40d;411;49;16.02.2022;1
THY;1.06.2022;ADA;Adana;Direkt;IST;06:15;07:55;Aynı Gün;1s 40d;441;49;16.02.2022;1
THY;1.06.2022;ADA;Adana;Direkt;IST;11:55;13:35;Aynı Gün;1s 40d;441;49;16.02.2022;1
THY;1.06.2022;ADA;Adana;Direkt;IST;23:25;01:05;Sonraki gün;1s 40d;411;49;16.02.2022;1
THY;1.06.2022;ADA;Adana;IST;KYA;03:25;07:40;Aynı Gün;4s 15d;763;23;16.02.2022;2
THY;1.06.2022;ADA;Adana;IST;ADB;03:25;08:05;Aynı Gün;4s 40d;763;23;16.02.2022;2
THY;1.06.2022;ADA;Adana;IST;TZX;03:25;07:40;Aynı Gün;4s 15d;1.003;23;16.02.2022;2
THY;1.06.2022;ADA;Adana;IST;NAV;03:25;07:55;Aynı Gün;4s 30d;943;23;16.02.2022;2
THY;3.07.2022;ADA;Adana;IST;AYT;03:25;07:30;Aynı Gün;4s 5d;763;23;16.02.2022;2
THY;3.07.2022;ADA;Adana;IST;GZT;03:25;08:15;Aynı Gün;4s 50d;878;48;16.02.2022;2
THY;3.07.2022;ADA;Adana;IST;DLM;03:25;08:00;Aynı Gün;4s 35d;1.163;23;16.02.2022;2
THY;3.07.2022;ADA;Adana;Direkt;IST;03:25;05:05;Aynı Gün;1s 40d;411;49;16.02.2022;1
THY;3.07.2022;ADA;Adana;Direkt;SAW;03:50;05:15;Aynı Gün;1s 25d;606;99;16.02.2022;1
THY;3.07.2022;ADA;Adana;Direkt;IST;06:15;07:55;Aynı Gün;1s 40d;441;49;16.02.2022;1
THY;3.07.2022;ADA;Adana;Direkt;IST;08:40;10:15;Aynı Gün;1s 35d;471;49;16.02.2022;1
THY;3.07.2022;ADA;Adana;Direkt;IST;11:55;13:35;Aynı Gün;1s 40d;441;49;16.02.2022;1
THY;3.07.2022;ADA;Adana;Direkt;SAW;13:35;15:00;Aynı Gün;1s 25d;606;99;16.02.2022;1
THY;3.07.2022;ADA;Adana;Direkt;SAW;22:10;23:40;Aynı Gün;1s 30d;606;99;16.02.2022;1
THY;3.07.2022;ADA;Adana;Direkt;IST;23:25;01:05;Sonraki gün;1s 40d;441;49;16.02.2022;1
THY;3.07.2022;ADA;Adana;IST;KYA;03:25;07:40;Aynı Gün;4s 15d;1.163;23;16.02.2022;2
THY;3.07.2022;ADA;Adana;IST;ADB;03:25;08:05;Aynı Gün;4s 40d;803;23;16.02.2022;2
THY;3.07.2022;ADA;Adana;IST;TZX;03:25;07:40;Aynı Gün;4s 15d;1.163;23;16.02.2022;2
THY;3.07.2022;ADA;Adana;IST;NAV;03:25;07:55;Aynı Gün;4s 30d;1.003;23;16.02.2022;2
THY;3.08.2022;ADA;Adana;IST;AYT;03:25;07:30;Aynı Gün;4s 5d;943;23;16.02.2022;2
THY;3.08.2022;ADA;Adana;IST;GZT;03:25;08:15;Aynı Gün;4s 50d;977;48;16.02.2022;2
THY;3.08.2022;ADA;Adana;IST;DLM;03:25;08:00;Aynı Gün;4s 35d;1.163;23;16.02.2022;2
THY;3.08.2022;ADA;Adana;Direkt;IST;03:25;05:05;Aynı Gün;1s 40d;411;49;16.02.2022;1
THY;3.08.2022;ADA;Adana;Direkt;IST;08:40;10:15;Aynı Gün;1s 35d;471;49;16.02.2022;1
THY;3.08.2022;ADA;Adana;Direkt;SAW;10:45;12:10;Aynı Gün;1s 25d;606;99;16.02.2022;1
THY;3.08.2022;ADA;Adana;Direkt;IST;13:05;14:40;Aynı Gün;1s 35d;471;49;16.02.2022;1
THY;3.08.2022;ADA;Adana;Direkt;IST;14:35;16:10;Aynı Gün;1s 35d;441;49;16.02.2022;1
THY;3.08.2022;ADA;Adana;Direkt;IST;20:35;22:15;Aynı Gün;1s 40d;606;99;16.02.2022;1
THY;3.08.2022;ADA;Adana;Direkt;SAW;23:40;01:05;Sonraki gün;1s 25d;606;99;16.02.2022;1
THY;3.08.2022;ADA;Adana;IST;KYA;03:25;07:40;Aynı Gün;4s 15d;943;23;16.02.2022;2
THY;3.08.2022;ADA;Adana;IST;ADB;03:25;08:05;Aynı Gün;4s 40d;943;23;16.02.2022;2
THY;3.08.2022;ADA;Adana;IST;TZX;03:25;07:40;Aynı Gün;4s 15d;1.083;23;16.02.2022;2
THY;3.08.2022;ADA;Adana;IST;NAV;03:25;07:55;Aynı Gün;4s 30d;1.003;23;16.02.2022;2
THY;23.06.2022;MLX;Malatya;ESB;AYT;05:55;09:15;Aynı Gün;3s 20d;1.066;83;16.02.2022;2
THY;23.06.2022;MLX;Malatya;IST;GZT;08:45;14:00;Aynı Gün;5s 15d;1.159;81;16.02.2022;2
THY;23.06.2022;MLX;Malatya;ESB;DLM;05:55;09:15;Aynı Gün;3s 20d;1.066;83;16.02.2022;2
THY;23.06.2022;MLX;Malatya;Direkt;SAW;06:15;07:50;Aynı Gün;1s 35d;606;99;16.02.2022;1
THY;23.06.2022;MLX;Malatya;Direkt;IST;14:20;16:10;Aynı Gün;1s 50d;606;99;16.02.2022;1
THY;23.06.2022;MLX;Malatya;Direkt;IST;23:35;01:25;Sonraki gün;1s 50d;606;99;16.02.2022;1
THY;23.06.2022;MLX;Malatya;IST;KYA;14:20;19:50;Aynı Gün;5s 30d;1.159;81;16.02.2022;2
THY;23.06.2022;MLX;Malatya;ESB;ADB;05:55;09:20;Aynı Gün;3s 25d;1.066;83;16.02.2022;2
THY;23.06.2022;MLX;Malatya;ESB;TZX;05:55;09:00;Aynı Gün;3s 5d;1.066;83;16.02.2022;2
THY;23.06.2022;MLX;Malatya;SAW IST;NAV;06:15;14:30;Aynı Gün;8s 15d;1.182;82;16.02.2022;25
THY;23.07.2022;MLX;Malatya;SAW;AYT;05:35;09:45;Aynı Gün;4s 10d;1.066;83;16.02.2022;2
THY;23.07.2022;MLX;Malatya;SAW;GZT;05:35;09:40;Aynı Gün;4s 5d;1.066;83;16.02.2022;2
THY;23.07.2022;MLX;Malatya;SAW;DLM;05:35;10:00;Aynı Gün;4s 25d;1.066;83;16.02.2022;2
THY;23.07.2022;MLX;Malatya;Direkt;SAW;05:35;07:10;Aynı Gün;1s 35d;606;99;16.02.2022;1
THY;23.07.2022;MLX;Malatya;Direkt;IST;08:45;10:30;Aynı Gün;1s 45d;606;99;16.02.2022;1
THY;23.07.2022;MLX;Malatya;Direkt;IST;14:20;16:10;Aynı Gün;1s 50d;606;99;16.02.2022;1
THY;23.07.2022;MLX;Malatya;Direkt;IST;23:35;01:25;Sonraki gün;1s 50d;606;99;16.02.2022;1
THY;23.07.2022;MLX;Malatya;IST;KYA;14:20;19:50;Aynı Gün;5s 30d;1.159;81;16.02.2022;2
THY;23.07.2022;MLX;Malatya;SAW;ADB;05:35;09:50;Aynı Gün;4s 15d;1.066;83;16.02.2022;2
THY;23.07.2022;MLX;Malatya;SAW;TZX;05:35;10:05;Aynı Gün;4s 30d;1.066;83;16.02.2022;2
THY;23.07.2022;MLX;Malatya;SAW IST;NAV;05:35;14:30;Aynı Gün;8s 55d;1.182;82;16.02.2022;25
THY;23.08.2022;MLX;Malatya;SAW;AYT;05:35;10:35;Aynı Gün;5s;1.066;83;16.02.2022;2
THY;23.08.2022;MLX;Malatya;SAW;GZT;05:35;09:40;Aynı Gün;4s 5d;1.066;83;16.02.2022;2
THY;23.08.2022;MLX;Malatya;SAW;DLM;05:35;09:45;Aynı Gün;4s 10d;1.066;83;16.02.2022;2
THY;23.08.2022;MLX;Malatya;Direkt;SAW;05:35;07:10;Aynı Gün;1s 35d;606;99;16.02.2022;1
THY;23.08.2022;MLX;Malatya;Direkt;IST;08:45;10:30;Aynı Gün;1s 45d;606;99;16.02.2022;1
THY;23.08.2022;MLX;Malatya;Direkt;IST;14:20;16:10;Aynı Gün;1s 50d;606;99;16.02.2022;1
THY;23.08.2022;MLX;Malatya;Direkt;IST;23:35;01:25;Sonraki gün;1s 50d;606;99;16.02.2022;1
THY;23.08.2022;MLX;Malatya;IST;KYA;14:20;19:50;Aynı Gün;5s 30d;1.159;81;16.02.2022;2
THY;23.08.2022;MLX;Malatya;SAW;ADB;05:35;09:50;Aynı Gün;4s 15d;1.066;83;16.02.2022;2
THY;23.08.2022;MLX;Malatya;SAW;TZX;05:35;10:05;Aynı Gün;4s 30d;1.066;83;16.02.2022;2
THY;23.08.2022;MLX;Malatya;SAW IST;NAV;05:35;14:30;Aynı Gün;8s 55d;1.182;82;16.02.2022;25
THY;16.06.2022;VAN;Van;IST;AYT;11:30;16:55;Aynı Gün;5s 25d;1.083;23;16.02.2022;2
THY;16.06.2022;VAN;Van;IST;GZT;11:30;17:15;Aynı Gün;5s 45d;1.083;23;16.02.2022;2
THY;16.06.2022;VAN;Van;IST;DLM;11:30;17:30;Aynı Gün;6s;1.083;23;16.02.2022;2
THY;16.06.2022;VAN;Van;Direkt;IST;11:30;13:55;Aynı Gün;2s 25d;570;49;16.02.2022;1
THY;16.06.2022;VAN;Van;Direkt;IST;18:40;21:00;Aynı Gün;2s 20d;570;49;16.02.2022;1
THY;16.06.2022;VAN;Van;Direkt;SAW;20:00;22:05;Aynı Gün;2s 5d;606;99;16.02.2022;1
THY;16.06.2022;VAN;Van;IST;KYA;11:30;19:50;Aynı Gün;8s 20d;1.163;23;16.02.2022;2
THY;16.06.2022;VAN;Van;IST;ADB;11:30;16:05;Aynı Gün;4s 35d;1.083;23;16.02.2022;2
THY;16.06.2022;VAN;Van;ESB;TZX;10:00;17:05;Aynı Gün;7s 5d;1.070;25;16.02.2022;2
THY;16.06.2022;VAN;Van;IST;NAV;11:30;20:00;Aynı Gün;8s 30d;1.163;23;16.02.2022;2
THY;16.07.2022;VAN;Van;IST;AYT;11:30;16:55;Aynı Gün;5s 25d;1.163;23;16.02.2022;2
THY;16.07.2022;VAN;Van;IST;GZT;11:30;17:15;Aynı Gün;5s 45d;1.163;23;16.02.2022;2
THY;16.07.2022;VAN;Van;IST;DLM;11:30;17:30;Aynı Gün;6s;1.163;23;16.02.2022;2
THY;16.07.2022;VAN;Van;Direkt;IST;11:30;13:55;Aynı Gün;2s 25d;606;99;16.02.2022;1
THY;16.07.2022;VAN;Van;Direkt;SAW;15:00;17:10;Aynı Gün;2s 10d;606;99;16.02.2022;1
THY;16.07.2022;VAN;Van;Direkt;IST;16:10;18:35;Aynı Gün;2s 25d;606;99;16.02.2022;1
THY;16.07.2022;VAN;Van;Direkt;IST;18:40;21:00;Aynı Gün;2s 20d;606;99;16.02.2022;1
THY;16.07.2022;VAN;Van;IST;KYA;11:30;19:50;Aynı Gün;8s 20d;1.163;23;16.02.2022;2
THY;16.07.2022;VAN;Van;IST;ADB;11:30;16:05;Aynı Gün;4s 35d;1.163;23;16.02.2022;2
THY;16.07.2022;VAN;Van;IST;TZX;11:30;17:35;Aynı Gün;6s 5d;1.163;23;16.02.2022;2
THY;16.07.2022;VAN;Van;IST;NAV;11:30;20:00;Aynı Gün;8s 30d;1.163;23;16.02.2022;2
THY;16.08.2022;VAN;Van;SAW;AYT;09:30;15:40;Aynı Gün;6s 10d;1.070;25;16.02.2022;2
THY;16.08.2022;VAN;Van;SAW IST;GZT;09:30;19:10;Aynı Gün;9s 40d;1.186;24;16.02.2022;25
THY;16.08.2022;VAN;Van;SAW;DLM;09:30;18:15;Aynı Gün;8s 45d;1.070;25;16.02.2022;2
THY;16.08.2022;VAN;Van;Direkt;SAW;09:30;11:40;Aynı Gün;2s 10d;606;99;16.02.2022;1
THY;16.08.2022;VAN;Van;Direkt;IST;11:30;13:55;Aynı Gün;2s 25d;606;99;16.02.2022;1
THY;16.08.2022;VAN;Van;Direkt;SAW;19:45;21:55;Aynı Gün;2s 10d;606;99;16.02.2022;1
THY;16.08.2022;VAN;Van;ESB;IST;14:00;19:00;Aynı Gün;5s;1.161;24;16.02.2022;2
THY;16.08.2022;VAN;Van;SAW IST;KYA;09:30;19:50;Aynı Gün;10s 20d;1.186;24;16.02.2022;25
THY;16.08.2022;VAN;Van;SAW;ADB;09:30;15:00;Aynı Gün;5s 30d;1.070;25;16.02.2022;2
THY;16.08.2022;VAN;Van;SAW;TZX;09:30;14:45;Aynı Gün;5s 15d;1.070;25;16.02.2022;2
THY;16.08.2022;VAN;Van;SAW;NAV;09:30;17:40;Aynı Gün;8s 10d;1.070;25;16.02.2022;2
THY;20.06.2022;DNZ;Denizli;IST;AYT;03:50;07:30;Aynı Gün;3s 40d;799;81;16.02.2022;2
THY;20.06.2022;DNZ;Denizli;IST;GZT;03:50;08:15;Aynı Gün;4s 25d;879;81;16.02.2022;2
THY;20.06.2022;DNZ;Denizli;IST;DLM;03:50;08:00;Aynı Gün;4s 10d;975;98;16.02.2022;2
THY;20.06.2022;DNZ;Denizli;Direkt;IST;03:50;05:00;Aynı Gün;1s 10d;380;99;16.02.2022;1
THY;20.06.2022;DNZ;Denizli;Direkt;SAW;19:00;20:10;Aynı Gün;1s 10d;606;99;16.02.2022;1
THY;20.06.2022;DNZ;Denizli;Direkt;IST;20:00;21:15;Aynı Gün;1s 15d;380;99;16.02.2022;1
THY;20.06.2022;DNZ;Denizli;IST;KYA;03:50;07:40;Aynı Gün;3s 50d;759;81;16.02.2022;2
THY;20.06.2022;DNZ;Denizli;IST;ADB;03:50;08:05;Aynı Gün;4s 15d;709;81;16.02.2022;2
THY;20.06.2022;DNZ;Denizli;IST;TZX;03:50;07:40;Aynı Gün;3s 50d;1.159;81;16.02.2022;2
THY;20.06.2022;DNZ;Denizli;IST;NAV;03:50;07:55;Aynı Gün;4s 5d;939;81;16.02.2022;2
THY;20.07.2022;DNZ;Denizli;IST;AYT;03:50;07:30;Aynı Gün;3s 40d;799;81;16.02.2022;2
THY;20.07.2022;DNZ;Denizli;IST;GZT;03:50;08:15;Aynı Gün;4s 25d;939;81;16.02.2022;2
THY;20.07.2022;DNZ;Denizli;IST;DLM;03:50;08:00;Aynı Gün;4s 10d;975;98;16.02.2022;2
THY;20.07.2022;DNZ;Denizli;Direkt;IST;03:50;05:00;Aynı Gün;1s 10d;380;99;16.02.2022;1
THY;20.07.2022;DNZ;Denizli;Direkt;SAW;18:40;19:45;Aynı Gün;1s 5d;606;99;16.02.2022;1
THY;20.07.2022;DNZ;Denizli;Direkt;IST;20:00;21:15;Aynı Gün;1s 15d;380;99;16.02.2022;1
THY;20.07.2022;DNZ;Denizli;IST;KYA;03:50;07:40;Aynı Gün;3s 50d;879;81;16.02.2022;2
THY;20.07.2022;DNZ;Denizli;IST;ADB;03:50;08:05;Aynı Gün;4s 15d;709;81;16.02.2022;2
THY;20.07.2022;DNZ;Denizli;IST;TZX;03:50;07:40;Aynı Gün;3s 50d;1.159;81;16.02.2022;2
THY;20.07.2022;DNZ;Denizli;IST;NAV;03:50;07:55;Aynı Gün;4s 5d;999;81;16.02.2022;2
THY;20.08.2022;DNZ;Denizli;IST;AYT;03:50;07:30;Aynı Gün;3s 40d;799;81;16.02.2022;2
THY;20.08.2022;DNZ;Denizli;IST;GZT;03:50;08:15;Aynı Gün;4s 25d;1.079;81;16.02.2022;2
THY;20.08.2022;DNZ;Denizli;IST;DLM;03:50;08:00;Aynı Gün;4s 10d;1.005;98;16.02.2022;2
THY;20.08.2022;DNZ;Denizli;Direkt;IST;03:50;05:00;Aynı Gün;1s 10d;410;99;16.02.2022;1
THY;20.08.2022;DNZ;Denizli;Direkt;IST;08:40;09:50;Aynı Gün;1s 10d;410;99;16.02.2022;1
THY;20.08.2022;DNZ;Denizli;Direkt;SAW;16:50;18:00;Aynı Gün;1s 10d;606;99;16.02.2022;1
THY;20.08.2022;DNZ;Denizli;IST;KYA;03:50;07:40;Aynı Gün;3s 50d;879;81;16.02.2022;2
THY;20.08.2022;DNZ;Denizli;IST;ADB;03:50;08:05;Aynı Gün;4s 15d;759;81;16.02.2022;2
THY;20.08.2022;DNZ;Denizli;IST;TZX;03:50;07:40;Aynı Gün;3s 50d;1.159;81;16.02.2022;2
THY;20.08.2022;DNZ;Denizli;IST;NAV;03:50;07:55;Aynı Gün;4s 5d;999;81;16.02.2022;2
THY;28.06.2022;VAS;Sivas;IST;AYT;11:05;16:55;Aynı Gün;5s 50d;879;81;16.02.2022;2
THY;28.06.2022;VAS;Sivas;IST;GZT;11:05;17:15;Aynı Gün;6s 10d;879;81;16.02.2022;2
THY;28.06.2022;VAS;Sivas;IST;DLM;11:05;15:10;Aynı Gün;4s 5d;1.159;81;16.02.2022;2
THY;28.06.2022;VAS;Sivas;Direkt;IST;11:05;12:40;Aynı Gün;1s 35d;470;99;16.02.2022;1
THY;28.06.2022;VAS;Sivas;Direkt;IST;19:15;20:45;Aynı Gün;1s 30d;410;99;16.02.2022;1
THY;28.06.2022;VAS;Sivas;IST;KYA;11:05;19:50;Aynı Gün;8s 45d;1.159;81;16.02.2022;2
THY;28.06.2022;VAS;Sivas;IST;ADB;11:05;15:05;Aynı Gün;4s;879;81;16.02.2022;2
THY;28.06.2022;VAS;Sivas;IST;TZX;11:05;15:30;Aynı Gün;4s 25d;1.159;81;16.02.2022;2
THY;28.06.2022;VAS;Sivas;IST;NAV;11:05;20:00;Aynı Gün;8s 55d;1.159;81;16.02.2022;2
THY;28.07.2022;VAS;Sivas;IST;AYT;11:05;16:55;Aynı Gün;5s 50d;1.159;81;16.02.2022;2
THY;28.07.2022;VAS;Sivas;IST;GZT;11:05;17:15;Aynı Gün;6s 10d;1.159;81;16.02.2022;2
THY;28.07.2022;VAS;Sivas;IST;DLM;11:05;15:10;Aynı Gün;4s 5d;1.159;81;16.02.2022;2
THY;28.07.2022;VAS;Sivas;Direkt;IST;11:05;12:40;Aynı Gün;1s 35d;606;99;16.02.2022;1
THY;28.07.2022;VAS;Sivas;Direkt;IST;19:15;20:45;Aynı Gün;1s 30d;569;99;16.02.2022;1
THY;28.07.2022;VAS;Sivas;IST;KYA;11:05;19:50;Aynı Gün;8s 45d;1.159;81;16.02.2022;2
THY;28.07.2022;VAS;Sivas;IST;KYA;19:15;23:15;Aynı Gün;4s;1.159;81;16.02.2022;2
THY;28.07.2022;VAS;Sivas;IST;ADB;11:05;15:05;Aynı Gün;4s;1.159;81;16.02.2022;2
THY;28.07.2022;VAS;Sivas;SAW;ADB;17:50;00:45;Sonraki gün;6s 55d;1.066;83;16.02.2022;2
THY;28.07.2022;VAS;Sivas;IST;TZX;11:05;15:30;Aynı Gün;4s 25d;1.159;81;16.02.2022;2
THY;28.07.2022;VAS;Sivas;IST;NAV;11:05;20:00;Aynı Gün;8s 55d;1.159;81;16.02.2022;2
THY;28.07.2022;VAS;Sivas;IST;NAV;19:15;07:55;Sonraki gün;12s 40d;1.079;81;16.02.2022;2
THY;28.08.2022;VAS;Sivas;IST;AYT;11:05;16:55;Aynı Gün;5s 50d;1.159;81;16.02.2022;2
THY;28.08.2022;VAS;Sivas;SAW IST;AYT;16:20;00:20;Sonraki gün;8s;1.182;82;16.02.2022;25
THY;28.08.2022;VAS;Sivas;IST;GZT;11:05;17:15;Aynı Gün;6s 10d;1.159;81;16.02.2022;2
THY;28.08.2022;VAS;Sivas;IST;DLM;11:05;15:10;Aynı Gün;4s 5d;1.159;81;16.02.2022;2
THY;28.08.2022;VAS;Sivas;IST;DLM;11:05;20:40;Aynı Gün;9s 35d;1.159;81;16.02.2022;2
THY;28.08.2022;VAS;Sivas;Direkt;IST;11:05;12:40;Aynı Gün;1s 35d;606;99;16.02.2022;1
THY;28.08.2022;VAS;Sivas;Direkt;IST;19:15;20:45;Aynı Gün;1s 30d;569;99;16.02.2022;1
THY;28.08.2022;VAS;Sivas;IST;KYA;11:05;19:50;Aynı Gün;8s 45d;1.159;81;16.02.2022;2
THY;28.08.2022;VAS;Sivas;IST;KYA;19:15;07:40;Sonraki gün;12s 25d;1.079;81;16.02.2022;2
THY;28.08.2022;VAS;Sivas;IST;ADB;11:05;15:05;Aynı Gün;4s;1.159;81;16.02.2022;2
THY;28.08.2022;VAS;Sivas;IST;TZX;11:05;15:30;Aynı Gün;4s 25d;1.159;81;16.02.2022;2
THY;28.08.2022;VAS;Sivas;IST;NAV;11:05;20:00;Aynı Gün;8s 55d;1.159;81;16.02.2022;2
THY;9.06.2022;HTY;Hatay;IST;AYT;03:40;09:50;Aynı Gün;6s 10d;879;81;16.02.2022;2
THY;9.06.2022;HTY;Hatay;IST;GZT;03:40;08:15;Aynı Gün;4s 35d;817;98;16.02.2022;2
THY;9.06.2022;HTY;Hatay;IST;DLM;03:40;08:00;Aynı Gün;4s 20d;799;81;16.02.2022;2
THY;9.06.2022;HTY;Hatay;IST;DLM;08:55;18:25;Aynı Gün;9s 30d;1.159;81;16.02.2022;2
THY;9.06.2022;HTY;Hatay;Direkt;IST;03:40;05:35;Aynı Gün;1s 55d;350;99;16.02.2022;1
THY;9.06.2022;HTY;Hatay;ESB;IST;05:50;08:55;Aynı Gün;3s 5d;1.157;82;16.02.2022;2
THY;9.06.2022;HTY;Hatay;IST;KYA;03:40;07:40;Aynı Gün;4s;759;81;16.02.2022;2
THY;9.06.2022;HTY;Hatay;IST;KYA;03:40;07:40;Aynı Gün;4s;759;81;16.02.2022;2
THY;9.06.2022;HTY;Hatay;IST;ADB;03:40;08:05;Aynı Gün;4s 25d;709;81;16.02.2022;2
THY;9.06.2022;HTY;Hatay;IST;TZX;03:40;08:40;Aynı Gün;5s;1.079;81;16.02.2022;2
THY;9.06.2022;HTY;Hatay;IST;NAV;03:40;07:55;Aynı Gün;4s 15d;939;81;16.02.2022;2
THY;9.07.2022;HTY;Hatay;IST;AYT;03:40;09:50;Aynı Gün;6s 10d;1.159;81;16.02.2022;2
THY;9.07.2022;HTY;Hatay;IST;GZT;03:40;08:15;Aynı Gün;4s 35d;1.035;98;16.02.2022;2
THY;9.07.2022;HTY;Hatay;IST;DLM;03:40;08:00;Aynı Gün;4s 20d;1.159;81;16.02.2022;2
THY;9.07.2022;HTY;Hatay;Direkt;IST;03:40;05:35;Aynı Gün;1s 55d;440;99;16.02.2022;1
THY;9.07.2022;HTY;Hatay;Direkt;IST;12:50;14:40;Aynı Gün;1s 50d;;;16.02.2022;1
THY;9.07.2022;HTY;Hatay;ESB;SAW;05:50;12:50;Aynı Gün;7s;1.066;83;16.02.2022;2
THY;9.07.2022;HTY;Hatay;IST;KYA;03:40;07:40;Aynı Gün;4s;879;81;16.02.2022;2
THY;9.07.2022;HTY;Hatay;IST;ADB;03:40;08:05;Aynı Gün;4s 25d;1.159;81;16.02.2022;2
THY;9.07.2022;HTY;Hatay;IST;TZX;03:40;08:40;Aynı Gün;5s;1.159;81;16.02.2022;2
THY;9.07.2022;HTY;Hatay;IST;NAV;03:40;07:55;Aynı Gün;4s 15d;1.159;81;16.02.2022;2
THY;9.08.2022;HTY;Hatay;IST;AYT;03:40;09:50;Aynı Gün;6s 10d;1.159;81;16.02.2022;2
THY;9.08.2022;HTY;Hatay;IST;GZT;03:40;08:15;Aynı Gün;4s 35d;1.073;98;16.02.2022;2
THY;9.08.2022;HTY;Hatay;IST;DLM;03:40;08:00;Aynı Gün;4s 20d;1.159;81;16.02.2022;2
THY;9.08.2022;HTY;Hatay;Direkt;IST;03:40;05:35;Aynı Gün;1s 55d;606;99;16.02.2022;1
THY;9.08.2022;HTY;Hatay;Direkt;IST;12:50;14:40;Aynı Gün;1s 50d;606;99;16.02.2022;1
THY;9.08.2022;HTY;Hatay;Direkt;IST;23:15;01:05;Sonraki gün;1s 50d;470;99;16.02.2022;1
THY;9.08.2022;HTY;Hatay;ESB;IST;05:50;11:40;Aynı Gün;5s 50d;1.157;82;16.02.2022;2
THY;9.08.2022;HTY;Hatay;IST;KYA;03:40;07:40;Aynı Gün;4s;1.159;81;16.02.2022;2
THY;9.08.2022;HTY;Hatay;IST;ADB;03:40;08:05;Aynı Gün;4s 25d;1.159;81;16.02.2022;2
THY;9.08.2022;HTY;Hatay;IST;TZX;03:40;08:40;Aynı Gün;5s;1.159;81;16.02.2022;2
THY;9.08.2022;HTY;Hatay;IST;NAV;03:40;07:55;Aynı Gün;4s 15d;1.159;81;16.02.2022;2
THY;21.06.2022;KZR;Kütahya;IST;AYT;07:30;11:30;Aynı Gün;4s;896;98;16.02.2022;2
THY;21.06.2022;KZR;Kütahya;IST;GZT;07:30;14:00;Aynı Gün;6s 30d;896;98;16.02.2022;2
THY;21.06.2022;KZR;Kütahya;IST;DLM;07:30;13:10;Aynı Gün;5s 40d;1.176;98;16.02.2022;2
THY;21.06.2022;KZR;Kütahya;Direkt;IST;07:30;08:30;Aynı Gün;1s;300;99;16.02.2022;1
THY;21.06.2022;KZR;Kütahya;IST;ADB;07:30;11:00;Aynı Gün;3s 30d;726;98;16.02.2022;2
THY;21.06.2022;KZR;Kütahya;IST;TZX;07:30;11:35;Aynı Gün;4s 5d;1.176;98;16.02.2022;2
THY;21.06.2022;KZR;Kütahya;IST;NAV;07:30;14:30;Aynı Gün;7s;1.176;98;16.02.2022;2
THY;21.07.2022;KZR;Kütahya;IST;AYT;07:30;11:30;Aynı Gün;4s;896;98;16.02.2022;2
THY;21.07.2022;KZR;Kütahya;IST;GZT;07:30;14:00;Aynı Gün;6s 30d;956;98;16.02.2022;2
THY;21.07.2022;KZR;Kütahya;IST;DLM;07:30;13:10;Aynı Gün;5s 40d;1.176;98;16.02.2022;2
THY;21.07.2022;KZR;Kütahya;Direkt;IST;07:30;08:30;Aynı Gün;1s;300;99;16.02.2022;1
THY;21.07.2022;KZR;Kütahya;IST;KYA;07:30;12:00;Aynı Gün;4s 30d;896;98;16.02.2022;2
THY;21.07.2022;KZR;Kütahya;IST;ADB;07:30;11:00;Aynı Gün;3s 30d;816;98;16.02.2022;2
THY;21.07.2022;KZR;Kütahya;IST;TZX;07:30;11:35;Aynı Gün;4s 5d;1.176;98;16.02.2022;2
THY;21.07.2022;KZR;Kütahya;IST;NAV;07:30;14:30;Aynı Gün;7s;1.176;98;16.02.2022;2
THY;22.08.2022;KZR;Kütahya;IST;AYT;07:30;11:30;Aynı Gün;4s;1.016;98;16.02.2022;2
THY;22.08.2022;KZR;Kütahya;IST;GZT;07:30;14:00;Aynı Gün;6s 30d;896;98;16.02.2022;2
THY;22.08.2022;KZR;Kütahya;IST;DLM;07:30;13:10;Aynı Gün;5s 40d;1.176;98;16.02.2022;2
THY;22.08.2022;KZR;Kütahya;Direkt;IST;07:30;08:30;Aynı Gün;1s;300;99;16.02.2022;1
THY;22.08.2022;KZR;Kütahya;IST;KYA;07:30;12:00;Aynı Gün;4s 30d;896;98;16.02.2022;2
THY;22.08.2022;KZR;Kütahya;IST;ADB;07:30;11:00;Aynı Gün;3s 30d;816;98;16.02.2022;2
THY;22.08.2022;KZR;Kütahya;IST;TZX;07:30;11:35;Aynı Gün;4s 5d;1.016;98;16.02.2022;2
THY;22.08.2022;KZR;Kütahya;IST;NAV;07:30;14:30;Aynı Gün;7s;1.176;98;16.02.2022;2
THY;10.06.2022;ISE;Isparta;IST;AYT;16:15;20:30;Aynı Gün;4s 15d;734;48;16.02.2022;2
THY;10.06.2022;ISE;Isparta;IST;GZT;16:15;22:40;Aynı Gün;6s 25d;1.156;40;16.02.2022;2
THY;10.06.2022;ISE;Isparta;IST;DLM;16:15;19:55;Aynı Gün;3s 40d;922;48;16.02.2022;2
THY;10.06.2022;ISE;Isparta;Direkt;IST;16:15;17:30;Aynı Gün;1s 15d;325;49;16.02.2022;1
THY;10.06.2022;ISE;Isparta;IST;KYA;16:15;19:50;Aynı Gün;3s 35d;1.156;40;16.02.2022;2
THY;10.06.2022;ISE;Isparta;IST;ADB;16:15;20:05;Aynı Gün;3s 50d;756;40;16.02.2022;2
THY;10.06.2022;ISE;Isparta;IST;TZX;16:15;21:40;Aynı Gün;5s 25d;996;40;16.02.2022;2
THY;10.06.2022;ISE;Isparta;IST;NAV;16:15;20:00;Aynı Gün;3s 45d;936;40;16.02.2022;2
THY;10.07.2022;ISE;Isparta;IST;AYT;16:15;20:30;Aynı Gün;4s 15d;1.005;48;16.02.2022;2
THY;10.07.2022;ISE;Isparta;IST;GZT;16:15;22:40;Aynı Gün;6s 25d;1.156;40;16.02.2022;2
THY;10.07.2022;ISE;Isparta;IST;DLM;16:15;19:55;Aynı Gün;3s 40d;1.005;48;16.02.2022;2
THY;10.07.2022;ISE;Isparta;Direkt;IST;16:15;17:30;Aynı Gün;1s 15d;410;49;16.02.2022;1
THY;10.07.2022;ISE;Isparta;IST;KYA;16:15;19:50;Aynı Gün;3s 35d;1.156;40;16.02.2022;2
THY;10.07.2022;ISE;Isparta;IST;ADB;16:15;20:05;Aynı Gün;3s 50d;796;40;16.02.2022;2
THY;10.07.2022;ISE;Isparta;IST;TZX;16:15;21:40;Aynı Gün;5s 25d;1.156;40;16.02.2022;2
THY;10.07.2022;ISE;Isparta;IST;NAV;16:15;20:00;Aynı Gün;3s 45d;1.156;40;16.02.2022;2
THY;10.08.2022;ISE;Isparta;IST;AYT;16:15;20:30;Aynı Gün;4s 15d;817;48;16.02.2022;2
THY;10.08.2022;ISE;Isparta;IST;GZT;16:15;22:40;Aynı Gün;6s 25d;1.156;40;16.02.2022;2
THY;10.08.2022;ISE;Isparta;IST;DLM;16:15;19:55;Aynı Gün;3s 40d;975;48;16.02.2022;2
THY;10.08.2022;ISE;Isparta;Direkt;IST;16:15;17:30;Aynı Gün;1s 15d;380;49;16.02.2022;1
THY;10.08.2022;ISE;Isparta;IST;KYA;16:15;19:50;Aynı Gün;3s 35d;1.156;40;16.02.2022;2
THY;10.08.2022;ISE;Isparta;IST;ADB;16:15;20:05;Aynı Gün;3s 50d;706;40;16.02.2022;2
THY;10.08.2022;ISE;Isparta;IST;TZX;16:15;21:40;Aynı Gün;5s 25d;996;40;16.02.2022;2
THY;10.08.2022;ISE;Isparta;IST;NAV;16:15;20:00;Aynı Gün;3s 45d;1.156;40;16.02.2022;2
THY;10.08.2022;ISE;Isparta;IST;NAV;16:15;07:55;Sonraki gün;15s 40d;996;40;16.02.2022;2
THY;19.06.2022;MSR;Muş;IST;AYT;11:35;16:55;Aynı Gün;5s 20d;1.159;81;16.02.2022;2
THY;19.06.2022;MSR;Muş;IST;GZT;11:35;17:15;Aynı Gün;5s 40d;1.159;81;16.02.2022;2
THY;19.06.2022;MSR;Muş;IST;DLM;11:35;17:30;Aynı Gün;5s 55d;1.159;81;16.02.2022;2
THY;19.06.2022;MSR;Muş;Direkt;IST;11:35;13:45;Aynı Gün;2s 10d;606;99;16.02.2022;1
THY;19.06.2022;MSR;Muş;Direkt;IST;17:15;19:25;Aynı Gün;2s 10d;606;99;16.02.2022;1
THY;19.06.2022;MSR;Muş;ESB;IST;14:10;17:55;Aynı Gün;3s 45d;1.157;82;16.02.2022;2
THY;19.06.2022;MSR;Muş;IST;KYA;11:35;19:50;Aynı Gün;8s 15d;1.159;81;16.02.2022;2
THY;19.06.2022;MSR;Muş;IST;ADB;11:35;16:05;Aynı Gün;4s 30d;1.159;81;16.02.2022;2
THY;19.06.2022;MSR;Muş;IST;TZX;11:35;17:35;Aynı Gün;6s;1.159;81;16.02.2022;2
THY;19.06.2022;MSR;Muş;IST;NAV;11:35;20:00;Aynı Gün;8s 25d;1.159;81;16.02.2022;2
THY;19.07.2022;MSR;Muş;IST;AYT;11:35;16:55;Aynı Gün;5s 20d;1.159;81;16.02.2022;2
THY;19.07.2022;MSR;Muş;IST;GZT;11:35;17:15;Aynı Gün;5s 40d;1.159;81;16.02.2022;2
THY;19.07.2022;MSR;Muş;IST;DLM;11:35;17:30;Aynı Gün;5s 55d;1.159;81;16.02.2022;2
THY;19.07.2022;MSR;Muş;Direkt;IST;11:35;13:45;Aynı Gün;2s 10d;606;99;16.02.2022;1
THY;19.07.2022;MSR;Muş;Direkt;IST;17:15;19:25;Aynı Gün;2s 10d;606;99;16.02.2022;1
THY;19.07.2022;MSR;Muş;ESB;IST;14:10;17:55;Aynı Gün;3s 45d;1.157;82;16.02.2022;2
THY;19.07.2022;MSR;Muş;IST;KYA;11:35;19:50;Aynı Gün;8s 15d;1.159;81;16.02.2022;2
THY;19.07.2022;MSR;Muş;IST;ADB;11:35;16:05;Aynı Gün;4s 30d;1.159;81;16.02.2022;2
THY;19.07.2022;MSR;Muş;IST;TZX;11:35;17:35;Aynı Gün;6s;1.159;81;16.02.2022;2
THY;19.07.2022;MSR;Muş;IST;NAV;11:35;20:00;Aynı Gün;8s 25d;1.159;81;16.02.2022;2
THY;19.08.2022;MSR;Muş;IST;AYT;11:35;16:55;Aynı Gün;5s 20d;1.159;81;16.02.2022;2
THY;19.08.2022;MSR;Muş;IST;GZT;11:35;17:15;Aynı Gün;5s 40d;1.159;81;16.02.2022;2
THY;19.08.2022;MSR;Muş;IST;DLM;11:35;17:30;Aynı Gün;5s 55d;1.159;81;16.02.2022;2
THY;19.08.2022;MSR;Muş;Direkt;IST;11:35;13:45;Aynı Gün;2s 10d;606;99;16.02.2022;1
THY;19.08.2022;MSR;Muş;Direkt;IST;17:15;19:25;Aynı Gün;2s 10d;606;99;16.02.2022;1
THY;19.08.2022;MSR;Muş;ESB;IST;17:45;21:45;Aynı Gün;4s;1.157;82;16.02.2022;2
THY;19.08.2022;MSR;Muş;IST;KYA;11:35;19:50;Aynı Gün;8s 15d;1.159;81;16.02.2022;2
THY;19.08.2022;MSR;Muş;IST;ADB;11:35;16:05;Aynı Gün;4s 30d;1.159;81;16.02.2022;2
THY;19.08.2022;MSR;Muş;IST;TZX;11:35;17:35;Aynı Gün;6s;1.159;81;16.02.2022;2
THY;19.08.2022;MSR;Muş;IST;NAV;11:35;20:00;Aynı Gün;8s 25d;1.159;81;16.02.2022;2
THY;27.06.2022;AJI;Ağrı;ESB;AYT;14:00;21:20;Aynı Gün;7s 20d;1.066;83;16.02.2022;2
THY;27.06.2022;AJI;Ağrı;ESB;GZT;14:00;21:20;Aynı Gün;7s 20d;1.066;83;16.02.2022;2
THY;27.06.2022;AJI;Ağrı;ESB;DLM;14:00;18:45;Aynı Gün;4s 45d;1.066;83;16.02.2022;2
THY;27.06.2022;AJI;Ağrı;Direkt;IST;15:20;17:40;Aynı Gün;2s 20d;606;99;16.02.2022;1
THY;27.06.2022;AJI;Ağrı;ESB;IST;14:00;17:55;Aynı Gün;3s 55d;1.157;82;16.02.2022;2
THY;27.06.2022;AJI;Ağrı;IST;KYA;15:20;19:50;Aynı Gün;4s 30d;1.159;81;16.02.2022;2
THY;27.06.2022;AJI;Ağrı;ESB;ADB;14:00;17:30;Aynı Gün;3s 30d;1.066;83;16.02.2022;2
THY;27.06.2022;AJI;Ağrı;ESB;TZX;14:00;21:10;Aynı Gün;7s 10d;1.066;83;16.02.2022;2
THY;27.06.2022;AJI;Ağrı;IST;NAV;15:20;20:00;Aynı Gün;4s 40d;1.159;81;16.02.2022;2
THY;27.07.2022;AJI;Ağrı;ESB;AYT;14:05;21:20;Aynı Gün;7s 15d;1.066;83;16.02.2022;2
THY;27.07.2022;AJI;Ağrı;ESB;GZT;14:05;20:55;Aynı Gün;6s 50d;1.066;83;16.02.2022;2
THY;27.07.2022;AJI;Ağrı;ESB;DLM;14:05;21:10;Aynı Gün;7s 5d;1.066;83;16.02.2022;2
THY;27.07.2022;AJI;Ağrı;Direkt;IST;15:20;17:40;Aynı Gün;2s 20d;606;99;16.02.2022;1
THY;27.07.2022;AJI;Ağrı;ESB;IST;14:05;17:55;Aynı Gün;3s 50d;1.157;82;16.02.2022;2
THY;27.07.2022;AJI;Ağrı;IST;KYA;15:20;19:50;Aynı Gün;4s 30d;1.159;81;16.02.2022;2
THY;27.07.2022;AJI;Ağrı;IST;KYA;15:20;23:15;Aynı Gün;7s 55d;1.159;81;16.02.2022;2
THY;27.07.2022;AJI;Ağrı;ESB;ADB;14:05;21:10;Aynı Gün;7s 5d;1.066;83;16.02.2022;2
THY;27.07.2022;AJI;Ağrı;ESB;TZX;14:05;21:30;Aynı Gün;7s 25d;1.066;83;16.02.2022;2
THY;27.07.2022;AJI;Ağrı;IST;NAV;15:20;20:00;Aynı Gün;4s 40d;1.159;81;16.02.2022;2
THY;27.07.2022;AJI;Ağrı;ESB-IST;NAV;14:05;14:30;Sonraki gün;24s 25d;1.197;81;16.02.2022;3
THY;27.08.2022;AJI;Ağrı;IST;AYT;15:20;20:30;Aynı Gün;5s 10d;1.159;81;16.02.2022;2
THY;27.08.2022;AJI;Ağrı;IST;GZT;15:20;22:40;Aynı Gün;7s 20d;1.159;81;16.02.2022;2
THY;27.08.2022;AJI;Ağrı;IST;DLM;15:20;19:55;Aynı Gün;4s 35d;1.159;81;16.02.2022;2
THY;27.08.2022;AJI;Ağrı;Direkt;IST;15:20;17:40;Aynı Gün;2s 20d;606;99;16.02.2022;1
THY;27.08.2022;AJI;Ağrı;IST;KYA;15:20;19:50;Aynı Gün;4s 30d;1.159;81;16.02.2022;2
THY;27.08.2022;AJI;Ağrı;IST;ADB;15:20;20:05;Aynı Gün;4s 45d;1.159;81;16.02.2022;2
THY;27.08.2022;AJI;Ağrı;IST;TZX;15:20;21:40;Aynı Gün;6s 20d;1.159;81;16.02.2022;2
THY;27.08.2022;AJI;Ağrı;IST;NAV;15:20;20:00;Aynı Gün;4s 40d;1.159;81;16.02.2022;2
THY;2.06.2022;YEI;Bursa;MSR-ESB;AYT;14:40;21:20;Aynı Gün;6s 40d;1.099;66;16.02.2022;3
THY;2.06.2022;YEI;Bursa;MSR-ESB;GZT;14:40;21:15;Aynı Gün;6s 35d;1.099;66;16.02.2022;3
THY;2.06.2022;YEI;Bursa;MSR-ESB;DLM;14:40;21:15;Aynı Gün;6s 35d;1.099;66;16.02.2022;3
THY;2.06.2022;YEI;Bursa;MSR;IST;14:40;19:25;Aynı Gün;4s 45d;1.152;65;16.02.2022;2
THY;2.06.2022;YEI;Bursa;MSR-IST;KYA;14:40;23:15;Aynı Gün;8s 35d;1.192;64;16.02.2022;3
THY;2.06.2022;YEI;Bursa;MSR-ESB;ADB;14:40;21:20;Aynı Gün;6s 40d;1.099;66;16.02.2022;3
THY;2.06.2022;YEI;Bursa;MSR-IST;TZX;14:40;00:35;Sonraki gün;9s 55d;1.192;64;16.02.2022;3
THY;2.06.2022;YEI;Bursa;MSR-IST;NAV;14:40;07:55;Sonraki gün;17s 15d;1.192;64;16.02.2022;3
THY;2.07.2022;YEI;Bursa;ERZ-IST;AYT;15:00;22:40;Aynı Gün;7s 40d;1.196;6;16.02.2022;3
THY;2.07.2022;YEI;Bursa;ERZ-IST;GZT;15:00;00:30;Sonraki gün;9s 30d;1.196;6;16.02.2022;3
THY;2.07.2022;YEI;Bursa;ERZ-IST;DLM;15:00;23:05;Aynı Gün;8s 5d;1.196;6;16.02.2022;3
THY;2.07.2022;YEI;Bursa;ERZ;IST;15:00;20:30;Aynı Gün;5s 30d;1.156;7;16.02.2022;2
THY;2.07.2022;YEI;Bursa;ERZ-IST;KYA;15:00;23:15;Aynı Gün;8s 15d;1.196;6;16.02.2022;3
THY;2.07.2022;YEI;Bursa;ERZ-IST;ADB;15:00;23:05;Aynı Gün;8s 5d;1.196;6;16.02.2022;3
THY;2.07.2022;YEI;Bursa;Direkt;TZX;19:40;21:10;Aynı Gün;1s 30d;606;99;16.02.2022;1
THY;2.07.2022;YEI;Bursa;ERZ-IST;NAV;15:00;07:55;Sonraki gün;16s 55d;1.196;6;16.02.2022;3
THY;2.08.2022;YEI;Bursa;MSR-ESB;AYT;11:45;21:20;Aynı Gün;9s 35d;1.099;66;16.02.2022;3
THY;2.08.2022;YEI;Bursa;MSR-ESB;GZT;11:45;21:15;Aynı Gün;9s 30d;1.099;66;16.02.2022;3
THY;2.08.2022;YEI;Bursa;MSR-ESB;DLM;11:45;21:15;Aynı Gün;9s 30d;1.099;66;16.02.2022;3
THY;2.08.2022;YEI;Bursa;MSR;IST;11:45;19:25;Aynı Gün;7s 40d;1.152;65;16.02.2022;2
THY;2.08.2022;YEI;Bursa;MSR-IST;KYA;11:45;23:15;Aynı Gün;11s 30d;1.192;64;16.02.2022;3
THY;2.08.2022;YEI;Bursa;MSR-ESB;ADB;11:45;17:30;Aynı Gün;5s 45d;1.099;66;16.02.2022;3
THY;2.08.2022;YEI;Bursa;MSR-ESB;TZX;11:45;20:30;Aynı Gün;8s 45d;1.099;66;16.02.2022;3
THY;2.08.2022;YEI;Bursa;MSR-IST;NAV;11:45;07:55;Sonraki gün;20s 10d;1.192;64;16.02.2022;3
THY;15.06.2022;KCM;Kahramanmaraş;IST;AYT;11:10;15:25;Aynı Gün;4s 15d;939;81;16.02.2022;2
THY;15.06.2022;KCM;Kahramanmaraş;IST;GZT;11:10;17:15;Aynı Gün;6s 5d;976;98;16.02.2022;2
THY;15.06.2022;KCM;Kahramanmaraş;IST;DLM;11:10;15:10;Aynı Gün;4s;1.159;81;16.02.2022;2
THY;15.06.2022;KCM;Kahramanmaraş;Direkt;IST;11:10;12:50;Aynı Gün;1s 40d;509;99;16.02.2022;1
THY;15.06.2022;KCM;Kahramanmaraş;IST;KYA;11:10;19:50;Aynı Gün;8s 40d;1.159;81;16.02.2022;2
THY;15.06.2022;KCM;Kahramanmaraş;IST;ADB;11:10;15:05;Aynı Gün;3s 55d;939;81;16.02.2022;2
THY;15.06.2022;KCM;Kahramanmaraş;IST;TZX;11:10;15:30;Aynı Gün;4s 20d;1.159;81;16.02.2022;2
THY;15.06.2022;KCM;Kahramanmaraş;IST;NAV;11:10;20:00;Aynı Gün;8s 50d;1.159;81;16.02.2022;2
THY;15.07.2022;KCM;Kahramanmaraş;IST;AYT;11:10;15:25;Aynı Gün;4s 15d;1.159;81;16.02.2022;2
THY;15.07.2022;KCM;Kahramanmaraş;IST;GZT;11:10;17:15;Aynı Gün;6s 5d;1.106;98;16.02.2022;2
THY;15.07.2022;KCM;Kahramanmaraş;IST;DLM;11:10;15:10;Aynı Gün;4s;1.159;81;16.02.2022;2
THY;15.07.2022;KCM;Kahramanmaraş;Direkt;IST;11:10;12:50;Aynı Gün;1s 40d;606;99;16.02.2022;1
THY;15.07.2022;KCM;Kahramanmaraş;IST SAW;KYA;11:10;19:35;Aynı Gün;8s 25d;1.182;82;16.02.2022;25
THY;15.07.2022;KCM;Kahramanmaraş;IST;ADB;11:10;15:05;Aynı Gün;3s 55d;1.159;81;16.02.2022;2
THY;15.07.2022;KCM;Kahramanmaraş;IST;TZX;11:10;15:30;Aynı Gün;4s 20d;1.159;81;16.02.2022;2
THY;15.07.2022;KCM;Kahramanmaraş;IST;NAV;11:10;20:00;Aynı Gün;8s 50d;1.159;81;16.02.2022;2
THY;15.08.2022;KCM;Kahramanmaraş;IST;AYT;11:10;15:25;Aynı Gün;4s 15d;1.159;81;16.02.2022;2
THY;15.08.2022;KCM;Kahramanmaraş;IST;GZT;11:10;17:15;Aynı Gün;6s 5d;1.073;98;16.02.2022;2
THY;15.08.2022;KCM;Kahramanmaraş;IST;DLM;11:10;15:10;Aynı Gün;4s;1.159;81;16.02.2022;2
THY;15.08.2022;KCM;Kahramanmaraş;Direkt;IST;11:10;12:50;Aynı Gün;1s 40d;606;99;16.02.2022;1
THY;15.08.2022;KCM;Kahramanmaraş;IST;KYA;11:10;19:50;Aynı Gün;8s 40d;1.159;81;16.02.2022;2
THY;15.08.2022;KCM;Kahramanmaraş;IST;ADB;11:10;15:05;Aynı Gün;3s 55d;1.159;81;16.02.2022;2
THY;15.08.2022;KCM;Kahramanmaraş;IST;TZX;11:10;15:30;Aynı Gün;4s 20d;1.159;81;16.02.2022;2
THY;15.08.2022;KCM;Kahramanmaraş;IST;NAV;11:10;20:00;Aynı Gün;8s 50d;1.159;81;16.02.2022;2
THY;8.06.2022;DIY;Diyarbakır;IST;AYT;08:25;12:35;Aynı Gün;4s 10d;1.163;23;16.02.2022;2
THY;8.06.2022;DIY;Diyarbakır;IST;GZT;08:25;14:00;Aynı Gün;5s 35d;1.163;23;16.02.2022;2
THY;8.06.2022;DIY;Diyarbakır;IST;DLM;08:25;13:10;Aynı Gün;4s 45d;1.163;23;16.02.2022;2
THY;8.06.2022;DIY;Diyarbakır;Direkt;IST;08:25;10:25;Aynı Gün;2s;606;99;16.02.2022;1
THY;8.06.2022;DIY;Diyarbakır;IST;KYA;11:30;19:50;Aynı Gün;8s 20d;1.163;23;16.02.2022;2
THY;8.06.2022;DIY;Diyarbakır;IST;TZX;08:25;13:55;Aynı Gün;5s 30d;1.163;23;16.02.2022;2
THY;8.06.2022;DIY;Diyarbakır;IST;ADB;08:25;14:05;Aynı Gün;5s 40d;1.163;23;16.02.2022;2
THY;8.06.2022;DIY;Diyarbakır;IST;NAV;08:25;14:30;Aynı Gün;6s 5d;1.163;23;16.02.2022;2
THY;8.07.2022;DIY;Diyarbakır;IST;AYT;08:25;12:35;Aynı Gün;4s 10d;1.163;23;16.02.2022;2
THY;8.07.2022;DIY;Diyarbakır;Direkt;IST;08:25;10:25;Aynı Gün;2s;606;99;16.02.2022;1
THY;8.07.2022;DIY;Diyarbakır;IST;GZT;08:25;14:00;Aynı Gün;5s 35d;1.163;23;16.02.2022;2
THY;8.07.2022;DIY;Diyarbakır;IST;DLM;08:25;13:10;Aynı Gün;4s 45d;1.163;23;16.02.2022;2
THY;8.07.2022;DIY;Diyarbakır;SAW;KYA;09:35;19:35;Aynı Gün;10s;1.070;25;16.02.2022;2
THY;8.07.2022;DIY;Diyarbakır;IST;ADB;08:25;14:05;Aynı Gün;5s 40d;1.163;23;16.02.2022;2
THY;8.07.2022;DIY;Diyarbakır;IST;TZX;08:25;13:55;Aynı Gün;5s 30d;1.163;23;16.02.2022;2
THY;8.07.2022;DIY;Diyarbakır;IST;NAV;08:25;14:30;Aynı Gün;6s 5d;1.163;23;16.02.2022;2
THY;8.08.2022;DIY;Diyarbakır;IST;AYT;08:25;12:35;Aynı Gün;4s 10d;1.163;23;16.02.2022;2
THY;8.08.2022;DIY;Diyarbakır;IST;GZT;08:25;14:00;Aynı Gün;5s 35d;1.163;23;16.02.2022;2
THY;8.08.2022;DIY;Diyarbakır;IST;DLM;08:25;13:10;Aynı Gün;4s 45d;1.163;23;16.02.2022;2
THY;8.08.2022;DIY;Diyarbakır;Direkt;IST;08:25;10:25;Aynı Gün;2s;606;99;16.02.2022;1
THY;8.08.2022;DIY;Diyarbakır;IST;KYA;11:30;19:50;Aynı Gün;8s 20d;1.163;23;16.02.2022;2
THY;8.08.2022;DIY;Diyarbakır;IST;ADB;08:25;14:05;Aynı Gün;5s 40d;1.163;23;16.02.2022;2
THY;8.08.2022;DIY;Diyarbakır;IST;TZX;08:25;13:55;Aynı Gün;5s 30d;1.163;23;16.02.2022;2
THY;8.08.2022;DIY;Diyarbakır;IST;NAV;08:25;14:30;Aynı Gün;6s 5d;1.163;23;16.02.2022;2
THY;26.06.2022;ERZ;Erzurum;IST;AYT;08:55;13:40;Aynı Gün;4s 45d;1.003;23;16.02.2022;2
THY;26.06.2022;ERZ;Erzurum;IST;GZT;08:55;14:00;Aynı Gün;5s 5d;1.003;23;16.02.2022;2
THY;26.06.2022;ERZ;Erzurum;IST;DLM;08:55;13:10;Aynı Gün;4s 15d;1.163;23;16.02.2022;2
THY;26.06.2022;ERZ;Erzurum;Direkt;IST;08:55;11:00;Aynı Gün;2s 5d;540;49;16.02.2022;1
THY;26.06.2022;ERZ;Erzurum;IST;KYA;18:30;23:15;Aynı Gün;4s 45d;1.163;23;16.02.2022;2
THY;26.06.2022;ERZ;Erzurum;IST;ADB;08:55;14:05;Aynı Gün;5s 10d;1.003;23;16.02.2022;2
THY;26.06.2022;ERZ;Erzurum;IST;TZX;08:55;13:55;Aynı Gün;5s;1.163;23;16.02.2022;2
THY;26.06.2022;ERZ;Erzurum;IST;NAV;08:55;14:30;Aynı Gün;5s 35d;1.163;23;16.02.2022;2
THY;26.07.2022;ERZ;Erzurum;IST;AYT;08:55;13:40;Aynı Gün;4s 45d;1.163;23;16.02.2022;2
THY;26.07.2022;ERZ;Erzurum;IST;GZT;08:55;14:00;Aynı Gün;5s 5d;1.163;23;16.02.2022;2
THY;26.07.2022;ERZ;Erzurum;IST;DLM;08:55;13:10;Aynı Gün;4s 15d;1.163;23;16.02.2022;2
THY;26.07.2022;ERZ;Erzurum;Direkt;IST;08:55;11:00;Aynı Gün;2s 5d;606;99;16.02.2022;1
THY;26.07.2022;ERZ;Erzurum;IST;KYA;08:55;19:50;Aynı Gün;10s 55d;1.163;23;16.02.2022;2
THY;26.07.2022;ERZ;Erzurum;IST;ADB;08:55;14:05;Aynı Gün;5s 10d;1.163;23;16.02.2022;2
THY;26.07.2022;ERZ;Erzurum;IST;TZX;08:55;13:55;Aynı Gün;5s;1.163;23;16.02.2022;2
THY;26.07.2022;ERZ;Erzurum;IST;NAV;08:55;14:30;Aynı Gün;5s 35d;1.163;23;16.02.2022;2
THY;26.08.2022;ERZ;Erzurum;IST;AYT;08:55;13:40;Aynı Gün;4s 45d;1.163;23;16.02.2022;2
THY;26.08.2022;ERZ;Erzurum;IST;GZT;08:55;14:00;Aynı Gün;5s 5d;1.163;23;16.02.2022;2
THY;26.08.2022;ERZ;Erzurum;IST;DLM;08:55;13:10;Aynı Gün;4s 15d;1.163;23;16.02.2022;2
THY;26.08.2022;ERZ;Erzurum;Direkt;IST;08:55;11:00;Aynı Gün;2s 5d;606;99;16.02.2022;1
THY;26.08.2022;ERZ;Erzurum;IST;KYA;14:50;19:50;Aynı Gün;5s;1.163;23;16.02.2022;2
THY;26.08.2022;ERZ;Erzurum;IST;ADB;08:55;14:05;Aynı Gün;5s 10d;1.163;23;16.02.2022;2
THY;26.08.2022;ERZ;Erzurum;IST;TZX;08:55;13:55;Aynı Gün;5s;1.163;23;16.02.2022;2
THY;26.08.2022;ERZ;Erzurum;IST;NAV;08:55;14:30;Aynı Gün;5s 35d;1.163;23;16.02.2022;2
THY;11.06.2022;ASR;Kayseri;IST;AYT;04:05;09:50;Aynı Gün;5s 45d;883;23;16.02.2022;2
THY;11.06.2022;ASR;Kayseri;IST;GZT;04:05;08:15;Aynı Gün;4s 10d;1.083;23;16.02.2022;2
THY;11.06.2022;ASR;Kayseri;IST;DLM;04:05;08:00;Aynı Gün;3s 55d;1.163;23;16.02.2022;2
THY;11.06.2022;ASR;Kayseri;Direkt;IST;04:05;05:40;Aynı Gün;1s 35d;471;49;16.02.2022;1
THY;11.06.2022;ASR;Kayseri;IST;KYA;04:05;07:40;Aynı Gün;3s 35d;883;23;16.02.2022;2
THY;11.06.2022;ASR;Kayseri;IST;ADB;04:05;08:05;Aynı Gün;4s;883;23;16.02.2022;2
THY;11.06.2022;ASR;Kayseri;IST;TZX;04:05;08:40;Aynı Gün;4s 35d;1.083;23;16.02.2022;2
THY;11.06.2022;ASR;Kayseri;IST;NAV;04:05;07:55;Aynı Gün;3s 50d;969;48;16.02.2022;2
THY;11.07.2022;ASR;Kayseri;IST;AYT;04:05;09:50;Aynı Gün;5s 45d;1.163;23;16.02.2022;2
THY;11.07.2022;ASR;Kayseri;IST;GZT;04:05;08:15;Aynı Gün;4s 10d;1.163;23;16.02.2022;2
THY;11.07.2022;ASR;Kayseri;IST;DLM;04:05;08:00;Aynı Gün;3s 55d;1.163;23;16.02.2022;2
THY;11.07.2022;ASR;Kayseri;Direkt;IST;04:05;05:40;Aynı Gün;1s 35d;606;99;16.02.2022;1
THY;11.07.2022;ASR;Kayseri;IST;KYA;04:05;07:40;Aynı Gün;3s 35d;1.163;23;16.02.2022;2
THY;11.07.2022;ASR;Kayseri;IST;ADB;04:05;08:05;Aynı Gün;4s;1.163;23;16.02.2022;2
THY;11.07.2022;ASR;Kayseri;IST;TZX;04:05;08:40;Aynı Gün;4s 35d;1.163;23;16.02.2022;2
THY;11.07.2022;ASR;Kayseri;IST;NAV;04:05;07:55;Aynı Gün;3s 50d;1.203;98;16.02.2022;2
THY;11.08.2022;ASR;Kayseri;IST;AYT;04:05;09:50;Aynı Gün;5s 45d;1.163;23;16.02.2022;2
THY;11.08.2022;ASR;Kayseri;IST;GZT;04:05;08:15;Aynı Gün;4s 10d;1.163;23;16.02.2022;2
THY;11.08.2022;ASR;Kayseri;IST;DLM;04:05;08:00;Aynı Gün;3s 55d;1.163;23;16.02.2022;2
THY;11.08.2022;ASR;Kayseri;Direkt;IST;04:05;05:40;Aynı Gün;1s 35d;606;99;16.02.2022;1
THY;11.08.2022;ASR;Kayseri;IST;KYA;04:05;07:40;Aynı Gün;3s 35d;1.163;23;16.02.2022;2
THY;11.08.2022;ASR;Kayseri;IST;ADB;04:05;08:05;Aynı Gün;4s;1.163;23;16.02.2022;2
THY;11.08.2022;ASR;Kayseri;IST;TZX;04:05;08:40;Aynı Gün;4s 35d;1.163;23;16.02.2022;2
THY;11.08.2022;ASR;Kayseri;IST;NAV;04:05;07:55;Aynı Gün;3s 50d;1.136;98;16.02.2022;2
THY;4.06.2022;GNY;Şanlıurfa;IST;AYT;09:15;13:40;Aynı Gün;4s 25d;879;81;16.02.2022;2
THY;4.06.2022;GNY;Şanlıurfa;IST;GZT;09:15;14:00;Aynı Gün;4s 45d;998;98;16.02.2022;2
THY;4.06.2022;GNY;Şanlıurfa;IST;DLM;09:15;13:10;Aynı Gün;3s 55d;1.159;81;16.02.2022;2
THY;4.06.2022;GNY;Şanlıurfa;Direkt;IST;09:15;11:10;Aynı Gün;1s 55d;440;99;16.02.2022;1
THY;4.06.2022;GNY;Şanlıurfa;IST;KYA;16:15;23:15;Aynı Gün;7s;1.159;81;16.02.2022;2
THY;4.06.2022;GNY;Şanlıurfa;IST;ADB;09:15;14:05;Aynı Gün;4s 50d;799;81;16.02.2022;2
THY;4.06.2022;GNY;Şanlıurfa;IST;TZX;09:15;13:55;Aynı Gün;4s 40d;999;81;16.02.2022;2
THY;4.06.2022;GNY;Şanlıurfa;IST;NAV;09:15;14:30;Aynı Gün;5s 15d;999;81;16.02.2022;2
THY;4.07.2022;GNY;Şanlıurfa;IST;AYT;09:15;13:40;Aynı Gün;4s 25d;879;81;16.02.2022;2
THY;4.07.2022;GNY;Şanlıurfa;IST;GZT;09:15;14:00;Aynı Gün;4s 45d;937;98;16.02.2022;2
THY;4.07.2022;GNY;Şanlıurfa;Direkt;IST;09:15;11:10;Aynı Gün;1s 55d;470;99;16.02.2022;1
THY;4.07.2022;GNY;Şanlıurfa;IST;DLM;09:15;13:10;Aynı Gün;3s 55d;1.159;81;16.02.2022;2
THY;4.07.2022;GNY;Şanlıurfa;IST;KYA;16:15;23:15;Aynı Gün;7s;1.159;81;16.02.2022;2
THY;4.07.2022;GNY;Şanlıurfa;IST;ADB;09:15;14:05;Aynı Gün;4s 50d;879;81;16.02.2022;2
THY;4.07.2022;GNY;Şanlıurfa;IST;TZX;09:15;13:55;Aynı Gün;4s 40d;1.159;81;16.02.2022;2
THY;4.07.2022;GNY;Şanlıurfa;IST;NAV;09:15;14:30;Aynı Gün;5s 15d;1.159;81;16.02.2022;2
THY;4.08.2022;GNY;Şanlıurfa;IST;AYT;09:15;13:40;Aynı Gün;4s 25d;879;81;16.02.2022;2
THY;4.08.2022;GNY;Şanlıurfa;IST;GZT;09:15;14:00;Aynı Gün;4s 45d;907;98;16.02.2022;2
THY;4.08.2022;GNY;Şanlıurfa;IST;DLM;09:15;13:10;Aynı Gün;3s 55d;1.159;81;16.02.2022;2
THY;4.08.2022;GNY;Şanlıurfa;Direkt;IST;09:15;11:10;Aynı Gün;1s 55d;440;99;16.02.2022;1
THY;4.08.2022;GNY;Şanlıurfa;IST;KYA;16:15;23:15;Aynı Gün;7s;1.159;81;16.02.2022;2
THY;4.08.2022;GNY;Şanlıurfa;IST;ADB;09:15;14:05;Aynı Gün;4s 50d;799;81;16.02.2022;2
THY;4.08.2022;GNY;Şanlıurfa;IST;TZX;09:15;13:55;Aynı Gün;4s 40d;1.079;81;16.02.2022;2
THY;4.08.2022;GNY;Şanlıurfa;IST;NAV;09:15;14:30;Aynı Gün;5s 15d;1.159;81;16.02.2022;2
THY;13.06.2022;SZF;Samsun;IST;AYT;04:15;09:50;Aynı Gün;5s 35d;883;23;16.02.2022;2
THY;13.06.2022;SZF;Samsun;IST;GZT;04:15;08:15;Aynı Gün;4s;883;23;16.02.2022;2
THY;13.06.2022;SZF;Samsun;IST;DLM;04:15;08:00;Aynı Gün;3s 45d;803;23;16.02.2022;2
THY;13.06.2022;SZF;Samsun;Direkt;IST;04:15;05:45;Aynı Gün;1s 30d;411;49;16.02.2022;1
THY;13.06.2022;SZF;Samsun;IST;KYA;04:15;07:40;Aynı Gün;3s 25d;763;23;16.02.2022;2
THY;13.06.2022;SZF;Samsun;IST;ADB;04:15;08:05;Aynı Gün;3s 50d;763;23;16.02.2022;2
THY;13.06.2022;SZF;Samsun;IST;TZX;04:15;08:40;Aynı Gün;4s 25d;1.163;23;16.02.2022;2
THY;13.06.2022;SZF;Samsun;IST;NAV;04:15;07:55;Aynı Gün;3s 40d;943;23;16.02.2022;2
THY;13.07.2022;SZF;Samsun;IST;AYT;04:15;09:50;Aynı Gün;5s 35d;1.163;23;16.02.2022;2
THY;13.07.2022;SZF;Samsun;IST;GZT;04:15;08:15;Aynı Gün;4s;1.163;23;16.02.2022;2
THY;13.07.2022;SZF;Samsun;IST;DLM;04:15;08:00;Aynı Gün;3s 45d;1.163;23;16.02.2022;2
THY;13.07.2022;SZF;Samsun;Direkt;IST;04:15;05:45;Aynı Gün;1s 30d;606;99;16.02.2022;1
THY;13.07.2022;SZF;Samsun;IST;KYA;04:15;07:40;Aynı Gün;3s 25d;1.163;23;16.02.2022;2
THY;13.07.2022;SZF;Samsun;IST;ADB;04:15;08:05;Aynı Gün;3s 50d;1.163;23;16.02.2022;2
THY;13.07.2022;SZF;Samsun;IST;TZX;04:15;08:40;Aynı Gün;4s 25d;1.163;23;16.02.2022;2
THY;13.07.2022;SZF;Samsun;IST;NAV;04:15;07:55;Aynı Gün;3s 40d;1.163;23;16.02.2022;2
THY;13.08.2022;SZF;Samsun;IST;AYT;04:15;09:50;Aynı Gün;5s 35d;883;23;16.02.2022;2
THY;13.08.2022;SZF;Samsun;IST;GZT;04:15;08:15;Aynı Gün;4s;1.083;23;16.02.2022;2
THY;13.08.2022;SZF;Samsun;IST;DLM;04:15;08:00;Aynı Gün;3s 45d;1.163;23;16.02.2022;2
THY;13.08.2022;SZF;Samsun;Direkt;IST;04:15;05:45;Aynı Gün;1s 30d;441;49;16.02.2022;1
THY;13.08.2022;SZF;Samsun;IST;KYA;04:15;07:40;Aynı Gün;3s 25d;883;23;16.02.2022;2
THY;13.08.2022;SZF;Samsun;IST;ADB;04:15;08:05;Aynı Gün;3s 50d;803;23;16.02.2022;2
THY;13.08.2022;SZF;Samsun;IST;TZX;04:15;08:40;Aynı Gün;4s 25d;1.083;23;16.02.2022;2
THY;13.08.2022;SZF;Samsun;IST;NAV;04:15;07:55;Aynı Gün;3s 40d;1.003;23;16.02.2022;2
THY;25.06.2022;OGU;Ordu-Giresun;IST;AYT;03:50;09:50;Aynı Gün;6s;1.159;81;16.02.2022;2
THY;25.06.2022;OGU;Ordu-Giresun;IST;GZT;03:50;08:15;Aynı Gün;4s 25d;1.159;81;16.02.2022;2
THY;25.06.2022;OGU;Ordu-Giresun;IST;DLM;03:50;08:00;Aynı Gün;4s 10d;1.159;81;16.02.2022;2
THY;25.06.2022;OGU;Ordu-Giresun;Direkt;IST;03:50;05:35;Aynı Gün;1s 45d;606;99;16.02.2022;1
THY;25.06.2022;OGU;Ordu-Giresun;IST;KYA;03:50;07:40;Aynı Gün;3s 50d;1.159;81;16.02.2022;2
THY;25.06.2022;OGU;Ordu-Giresun;IST;ADB;03:50;08:05;Aynı Gün;4s 15d;1.159;81;16.02.2022;2
THY;25.06.2022;OGU;Ordu-Giresun;IST;TZX;03:50;08:40;Aynı Gün;4s 50d;1.203;98;16.02.2022;2
THY;25.06.2022;OGU;Ordu-Giresun;IST;NAV;03:50;07:55;Aynı Gün;4s 5d;1.159;81;16.02.2022;2
THY;25.07.2022;OGU;Ordu-Giresun;IST;AYT;03:50;09:50;Aynı Gün;6s;1.159;81;16.02.2022;2
THY;25.07.2022;OGU;Ordu-Giresun;IST;GZT;03:50;08:15;Aynı Gün;4s 25d;1.159;81;16.02.2022;2
THY;25.07.2022;OGU;Ordu-Giresun;IST;DLM;03:50;08:00;Aynı Gün;4s 10d;1.159;81;16.02.2022;2
THY;25.07.2022;OGU;Ordu-Giresun;Direkt;IST;03:50;05:35;Aynı Gün;1s 45d;606;99;16.02.2022;1
THY;25.07.2022;OGU;Ordu-Giresun;IST;KYA;03:50;07:40;Aynı Gün;3s 50d;1.159;81;16.02.2022;2
THY;25.07.2022;OGU;Ordu-Giresun;IST;ADB;03:50;08:05;Aynı Gün;4s 15d;1.159;81;16.02.2022;2
THY;25.07.2022;OGU;Ordu-Giresun;IST;TZX;03:50;08:40;Aynı Gün;4s 50d;1.166;98;16.02.2022;2
THY;25.07.2022;OGU;Ordu-Giresun;IST;NAV;03:50;07:55;Aynı Gün;4s 5d;1.159;81;16.02.2022;2
THY;25.08.2022;OGU;Ordu-Giresun;IST;AYT;03:50;09:50;Aynı Gün;6s;1.159;81;16.02.2022;2
THY;25.08.2022;OGU;Ordu-Giresun;IST;GZT;03:50;08:15;Aynı Gün;4s 25d;1.159;81;16.02.2022;2
THY;25.08.2022;OGU;Ordu-Giresun;IST;DLM;03:50;08:00;Aynı Gün;4s 10d;1.159;81;16.02.2022;2
THY;25.08.2022;OGU;Ordu-Giresun;Direkt;IST;03:50;05:35;Aynı Gün;1s 45d;606;99;16.02.2022;1
THY;25.08.2022;OGU;Ordu-Giresun;IST;KYA;03:50;07:40;Aynı Gün;3s 50d;1.159;81;16.02.2022;2
THY;25.08.2022;OGU;Ordu-Giresun;Direkt;ADB;12:25;14:20;Aynı Gün;1s 55d;606;99;16.02.2022;1
THY;25.08.2022;OGU;Ordu-Giresun;IST;TZX;03:50;08:40;Aynı Gün;4s 50d;1.136;98;16.02.2022;2
THY;25.08.2022;OGU;Ordu-Giresun;IST;NAV;03:50;07:55;Aynı Gün;4s 5d;1.159;81;16.02.2022;2
THY;5.06.2022;KSY;Kars;IST;AYT;11:15;16:55;Aynı Gün;5s 40d;1.159;81;16.02.2022;2
THY;5.06.2022;KSY;Kars;IST;GZT;11:15;17:15;Aynı Gün;6s;1.159;81;16.02.2022;2
THY;5.06.2022;KSY;Kars;IST;DLM;11:15;17:30;Aynı Gün;6s 15d;1.159;81;16.02.2022;2
THY;5.06.2022;KSY;Kars;Direkt;IST;11:15;13:30;Aynı Gün;2s 15d;606;99;16.02.2022;1
THY;5.06.2022;KSY;Kars;IST;KYA;11:15;19:50;Aynı Gün;8s 35d;1.159;81;16.02.2022;2
THY;5.06.2022;KSY;Kars;IST;ADB;11:15;16:05;Aynı Gün;4s 50d;1.159;81;16.02.2022;2
THY;5.06.2022;KSY;Kars;IST;TZX;11:15;17:35;Aynı Gün;6s 20d;1.159;81;16.02.2022;2
THY;5.06.2022;KSY;Kars;IST;NAV;11:15;20:00;Aynı Gün;8s 45d;1.159;81;16.02.2022;2
THY;5.07.2022;KSY;Kars;ESB;AYT;14:15;21:20;Aynı Gün;7s 5d;1.066;83;16.02.2022;2
THY;5.07.2022;KSY;Kars;ESB;GZT;14:15;21:15;Aynı Gün;7s;1.066;83;16.02.2022;2
THY;5.07.2022;KSY;Kars;ESB;DLM;14:15;21:15;Aynı Gün;7s;1.066;83;16.02.2022;2
THY;5.07.2022;KSY;Kars;Direkt;SAW;14:25;16:25;Aynı Gün;2s;606;99;16.02.2022;1
THY;5.07.2022;KSY;Kars;SAW;KYA;14:25;20:15;Aynı Gün;5s 50d;1.066;83;16.02.2022;2
THY;5.07.2022;AYT;Antalya;IST;ADB;03:30;08:05;Aynı Gün;4s 35d;789;98;16.02.2022;2
THY;5.07.2022;KSY;Kars;ESB;TZX;14:15;20:30;Aynı Gün;6s 15d;1.066;83;16.02.2022;2
THY;5.07.2022;KSY;Kars;SAW IST;NAV;14:25;07:55;Sonraki gün;17s 30d;1.182;82;16.02.2022;25
THY;5.08.2022;KSY;Kars;ESB;AYT;14:10;22:55;Aynı Gün;8s 45d;1.066;83;16.02.2022;2
THY;5.08.2022;KSY;Kars;ESB;GZT;14:10;01:05;Sonraki gün;10s 55d;1.066;83;16.02.2022;2
THY;5.08.2022;KSY;Kars;ESB;DLM;14:10;22:05;Aynı Gün;7s 55d;1.066;83;16.02.2022;2
THY;5.08.2022;KSY;Kars;Direkt;IST;15:15;17:30;Aynı Gün;2s 15d;606;99;16.02.2022;1
THY;5.08.2022;KSY;Kars;IST;KYA;15:15;19:50;Aynı Gün;4s 35d;1.159;81;16.02.2022;2
THY;5.08.2022;KSY;Kars;ESB;ADB;14:10;21:15;Aynı Gün;7s 5d;1.066;83;16.02.2022;2
THY;5.08.2022;KSY;Kars;ESB;TZX;14:10;21:15;Aynı Gün;7s 5d;1.066;83;16.02.2022;2
THY;5.08.2022;KSY;Kars;IST;NAV;15:15;20:00;Aynı Gün;4s 45d;1.159;81;16.02.2022;2
THY;14.06.2022;EDO;Balıkesir - Edremit;IST;AYT;10:40;14:30;Aynı Gün;3s 50d;999;81;16.02.2022;2
THY;14.06.2022;EDO;Balıkesir - Edremit;IST;GZT;10:40;17:15;Aynı Gün;6s 35d;879;81;16.02.2022;2
THY;14.06.2022;EDO;Balıkesir - Edremit;IST;DLM;10:40;15:10;Aynı Gün;4s 30d;1.159;81;16.02.2022;2
THY;14.06.2022;EDO;Balıkesir - Edremit;Direkt;IST;10:40;11:45;Aynı Gün;1s 5d;325;99;16.02.2022;1
THY;14.06.2022;EDO;Balıkesir - Edremit;IST;KYA;10:40;19:50;Aynı Gün;9s 10d;1.159;81;16.02.2022;2
THY;14.06.2022;EDO;Balıkesir - Edremit;IST;ADB;10:40;14:05;Aynı Gün;3s 25d;759;81;16.02.2022;2
THY;14.06.2022;EDO;Balıkesir - Edremit;IST;TZX;10:40;15:30;Aynı Gün;4s 50d;1.159;81;16.02.2022;2
THY;14.06.2022;EDO;Balıkesir - Edremit;IST;NAV;10:40;14:30;Aynı Gün;3s 50d;1.159;81;16.02.2022;2
THY;14.07.2022;EDO;Balıkesir - Edremit;IST;AYT;10:40;14:30;Aynı Gün;3s 50d;999;81;16.02.2022;2
THY;14.07.2022;EDO;Balıkesir - Edremit;IST;GZT;10:40;17:15;Aynı Gün;6s 35d;939;81;16.02.2022;2
THY;14.07.2022;EDO;Balıkesir - Edremit;IST;DLM;10:40;15:10;Aynı Gün;4s 30d;1.159;81;16.02.2022;2
THY;14.07.2022;EDO;Balıkesir - Edremit;Direkt;IST;10:40;11:45;Aynı Gün;1s 5d;380;99;16.02.2022;1
THY;14.07.2022;EDO;Balıkesir - Edremit;IST;KYA;10:40;19:50;Aynı Gün;9s 10d;1.159;81;16.02.2022;2
THY;14.07.2022;EDO;Balıkesir - Edremit;IST;ADB;10:40;14:05;Aynı Gün;3s 25d;1.159;81;16.02.2022;2
THY;14.07.2022;EDO;Balıkesir - Edremit;IST;TZX;10:40;15:30;Aynı Gün;4s 50d;1.159;81;16.02.2022;2
THY;14.07.2022;EDO;Balıkesir - Edremit;IST;NAV;10:40;14:30;Aynı Gün;3s 50d;1.159;81;16.02.2022;2
THY;14.08.2022;EDO;Balıkesir - Edremit;IST;AYT;10:40;14:30;Aynı Gün;3s 50d;999;81;16.02.2022;2
THY;14.08.2022;EDO;Balıkesir - Edremit;IST;GZT;10:40;17:15;Aynı Gün;6s 35d;1.079;81;16.02.2022;2
THY;14.08.2022;EDO;Balıkesir - Edremit;IST;DLM;10:40;15:10;Aynı Gün;4s 30d;1.159;81;16.02.2022;2
THY;14.08.2022;EDO;Balıkesir - Edremit;Direkt;IST;10:40;11:45;Aynı Gün;1s 5d;350;99;16.02.2022;1
THY;14.08.2022;EDO;Balıkesir - Edremit;IST;KYA;10:40;19:50;Aynı Gün;9s 10d;1.159;81;16.02.2022;2
THY;14.08.2022;EDO;Balıkesir - Edremit;IST;ADB;10:40;14:05;Aynı Gün;3s 25d;879;81;16.02.2022;2
THY;14.08.2022;EDO;Balıkesir - Edremit;IST;TZX;10:40;15:30;Aynı Gün;4s 50d;1.079;81;16.02.2022;2
THY;14.08.2022;EDO;Balıkesir - Edremit;IST;NAV;10:40;14:30;Aynı Gün;3s 50d;1.159;81;16.02.2022;2
THY;1.06.2022;NOP;Sinop;IST;AYT;11:00;14:30;Aynı Gün;3s 30d;996;40;18.02.2022;2
THY;1.06.2022;NOP;Sinop;IST;AYT;11:00;15:25;Aynı Gün;4s 25d;876;40;18.02.2022;2
THY;1.06.2022;NOP;Sinop;IST SAW;AYT;11:00;01:05;Sonraki gün;14s 5d;779;41;18.02.2022;25
THY;1.06.2022;NOP;Sinop;IST;GZT;11:00;17:15;Aynı Gün;6s 15d;876;40;18.02.2022;2
THY;1.06.2022;NOP;Sinop;IST SAW;GZT;11:00;00:30;Sonraki gün;13s 30d;1.179;41;18.02.2022;25
THY;1.06.2022;NOP;Sinop;IST;DLM;11:00;15:10;Aynı Gün;4s 10d;796;40;18.02.2022;2
THY;1.06.2022;NOP;Sinop;IST;DLM;11:00;02:30;Sonraki gün;15s 30d;756;40;18.02.2022;2
THY;1.06.2022;NOP;Sinop;Direkt;IST;11:00;12:20;Aynı Gün;1s 20d;410;49;18.02.2022;1
THY;1.06.2022;NOP;Sinop;IST;KYA;11:00;19:50;Aynı Gün;8s 50d;1.156;40;18.02.2022;2
THY;1.06.2022;NOP;Sinop;IST;ADB;11:00;15:05;Aynı Gün;4s 5d;756;40;18.02.2022;2
THY;1.06.2022;NOP;Sinop;IST SAW;ADB;11:00;00:45;Sonraki gün;13s 45d;779;41;18.02.2022;25
THY;1.06.2022;NOP;Sinop;IST;TZX;11:00;03:25;Sonraki gün;16s 25d;996;40;18.02.2022;2
THY;1.06.2022;NOP;Sinop;IST;NAV;11:00;20:00;Aynı Gün;9s;936;40;18.02.2022;2
THY;1.07.2022;NOP;Sinop;IST;AYT;11:00;14:30;Aynı Gün;3s 30d;996;40;18.02.2022;2
THY;1.07.2022;NOP;Sinop;IST;AYT;11:00;21:25;Aynı Gün;10s 25d;756;40;18.02.2022;2
THY;1.07.2022;NOP;Sinop;IST;AYT;11:00;02:30;Sonraki gün;15s 30d;756;40;18.02.2022;2
THY;1.07.2022;NOP;Sinop;IST;GZT;11:00;17:15;Aynı Gün;6s 15d;876;40;18.02.2022;2
THY;1.07.2022;NOP;Sinop;IST;GZT;11:00;02:20;Sonraki gün;15s 20d;1.156;40;18.02.2022;2
THY;1.07.2022;NOP;Sinop;IST SAW;DLM;11:00;21:50;Aynı Gün;10s 50d;1.099;41;18.02.2022;25
THY;1.07.2022;NOP;Sinop;IST;DLM;11:00;02:30;Sonraki gün;15s 30d;796;40;18.02.2022;2
THY;1.07.2022;NOP;Sinop;Direkt;IST;11:00;12:20;Aynı Gün;1s 20d;410;49;18.02.2022;1
THY;1.07.2022;NOP;Sinop;IST;KYA;11:00;19:50;Aynı Gün;8s 50d;1.156;40;18.02.2022;2
THY;1.07.2022;NOP;Sinop;IST;ADB;11:00;02:35;Sonraki gün;15s 35d;796;40;18.02.2022;2
THY;1.07.2022;NOP;Sinop;IST SAW;TZX;11:00;20:40;Aynı Gün;9s 40d;1.179;41;18.02.2022;25
THY;1.07.2022;NOP;Sinop;IST;NAV;11:00;20:00;Aynı Gün;9s;1.156;40;18.02.2022;2
THY;1.08.2022;NOP;Sinop;IST;AYT;11:00;14:30;Aynı Gün;3s 30d;996;40;18.02.2022;2
THY;1.08.2022;NOP;Sinop;IST;GZT;11:00;00:30;Sonraki gün;13s 30d;876;40;18.02.2022;2
THY;1.08.2022;NOP;Sinop;IST SAW;DLM;11:00;18:40;Aynı Gün;7s 40d;899;41;18.02.2022;25
THY;1.08.2022;NOP;Sinop;Direkt;IST;11:00;12:20;Aynı Gün;1s 20d;440;49;18.02.2022;1
THY;1.08.2022;NOP;Sinop;IST;KYA;11:00;02:10;Sonraki gün;15s 10d;876;40;18.02.2022;2
THY;1.08.2022;NOP;Sinop;IST;ADB;11:00;15:05;Aynı Gün;4s 5d;796;40;18.02.2022;2
THY;1.08.2022;NOP;Sinop;IST SAW;ADB;11:00;00:45;Sonraki gün;13s 45d;819;41;18.02.2022;25
THY;1.08.2022;NOP;Sinop;IST SAW;TZX;11:00;19:40;Aynı Gün;8s 40d;1.179;41;18.02.2022;25
THY;1.08.2022;NOP;Sinop;IST;NAV;11:00;14:30;Aynı Gün;3s 30d;1.156;40;18.02.2022;2
THY;1.08.2022;NOP;Sinop;IST;NAV;11:00;20:00;Aynı Gün;9s;1.156;40;18.02.2022;2
THY;4.06.2022;IGD;Iğdır;IST;AYT;09:25;14:30;Aynı Gün;5s 5d;1.159;81;18.02.2022;2
THY;4.06.2022;IGD;Iğdır;IST;AYT;15:55;02:30;Sonraki gün;10s 35d;1.159;81;18.02.2022;2
THY;4.06.2022;IGD;Iğdır;IST;GZT;09:25;17:15;Aynı Gün;7s 50d;1.159;81;18.02.2022;2
THY;4.06.2022;IGD;Iğdır;IST;DLM;09:25;17:30;Aynı Gün;8s 5d;1.159;81;18.02.2022;2
THY;4.06.2022;IGD;Iğdır;IST;DLM;15:55;10:05;Sonraki gün;18s 10d;1.159;81;18.02.2022;2
THY;4.06.2022;IGD;Iğdır;Direkt;IST;09:25;11:45;Aynı Gün;2s 20d;606;99;18.02.2022;1
THY;4.06.2022;IGD;Iğdır;IST;KYA;09:25;19:50;Aynı Gün;10s 25d;1.159;81;18.02.2022;2
THY;4.06.2022;IGD;Iğdır;IST;ADB;09:25;14:05;Aynı Gün;4s 40d;1.159;81;18.02.2022;2
THY;4.06.2022;IGD;Iğdır;IST SAW;ADB;09:25;18:20;Aynı Gün;8s 55d;1.182;82;18.02.2022;25
THY;4.06.2022;IGD;Iğdır;IST;ADB;15:55;02:35;Sonraki gün;10s 40d;1.159;81;18.02.2022;2
THY;4.06.2022;IGD;Iğdır;IST SAW;TZX;09:25;19:40;Aynı Gün;10s 15d;1.182;82;18.02.2022;25
THY;4.06.2022;IGD;Iğdır;IST;NAV;09:25;14:30;Aynı Gün;5s 5d;1.159;81;18.02.2022;2
THY;4.06.2022;IGD;Iğdır;IST SAW;NAV;09:25;18:50;Aynı Gün;9s 25d;1.182;82;18.02.2022;25
THY;4.07.2022;IGD;Iğdır;IST;AYT;15:55;21:25;Aynı Gün;5s 30d;1.159;81;18.02.2022;2
THY;4.07.2022;IGD;Iğdır;IST SAW;AYT;15:55;01:05;Sonraki gün;9s 10d;1.182;82;18.02.2022;25
THY;4.07.2022;IGD;Iğdır;IST;GZT;15:55;02:20;Sonraki gün;10s 25d;1.159;81;18.02.2022;2
THY;4.07.2022;IGD;Iğdır;IST;DLM;09:25;15:10;Aynı Gün;5s 45d;1.159;81;18.02.2022;2
THY;4.07.2022;IGD;Iğdır;ESB;DLM;14:55;18:45;Aynı Gün;3s 50d;1.066;83;18.02.2022;2
THY;4.07.2022;IGD;Iğdır;ESB;SAW;14:55;19:10;Aynı Gün;4s 15d;1.066;83;18.02.2022;2
THY;4.07.2022;IGD;Iğdır;IST;KYA;09:25;19:50;Aynı Gün;10s 25d;1.159;81;18.02.2022;2
THY;4.07.2022;IGD;Iğdır;IST;KYA;15:55;07:40;Sonraki gün;15s 45d;1.159;81;18.02.2022;2
THY;4.07.2022;IGD;Iğdır;IST;ADB;09:25;14:05;Aynı Gün;4s 40d;1.159;81;18.02.2022;2
THY;4.07.2022;IGD;Iğdır;ESB;TZX;14:55;21:10;Aynı Gün;6s 15d;1.066;83;18.02.2022;2
THY;4.07.2022;IGD;Iğdır;IST;TZX;15:55;03:25;Sonraki gün;11s 30d;1.159;81;18.02.2022;2
THY;4.07.2022;IGD;Iğdır;IST;NAV;09:25;14:30;Aynı Gün;5s 5d;1.159;81;18.02.2022;2
THY;4.08.2022;IGD;Iğdır;IST;AYT;09:25;14:30;Aynı Gün;5s 5d;1.159;81;18.02.2022;2
THY;4.08.2022;IGD;Iğdır;IST;AYT;15:55;00:20;Sonraki gün;8s 25d;1.159;81;18.02.2022;2
THY;4.08.2022;IGD;Iğdır;IST;GZT;15:55;02:20;Sonraki gün;10s 25d;1.159;8;18.02.2022;2
THY;4.08.2022;IGD;Iğdır;IST;DLM;15:55;02:30;Sonraki gün;10s 35d;1.159;81;18.02.2022;2
THY;4.08.2022;IGD;Iğdır;ESB;IST;14:10;00:05;Sonraki gün;9s 55d;1.157;82;18.02.2022;2
THY;4.08.2022;IGD;Iğdır;IST;KYA;09:25;19:50;Aynı Gün;10s 25d;1.159;81;18.02.2022;2
THY;4.08.2022;IGD;Iğdır;IST;KYA;15:55;07:40;Sonraki gün;15s 45d;1.159;81;18.02.2022;2
THY;4.08.2022;IGD;Iğdır;IST;ADB;09:25;14:05;Aynı Gün;4s 40d;1.159;81;18.02.2022;2
THY;4.08.2022;IGD;Iğdır;ESB;ADB;14:10;21:20;Aynı Gün;7s 10d;1.066;83;18.02.2022;2
THY;4.08.2022;IGD;Iğdır;IST;TZX;09:25;15:30;Aynı Gün;6s 5d;1.159;81;18.02.2022;2
THY;4.08.2022;IGD;Iğdır;IST;NAV;15:55;07:55;Sonraki gün;16s;1.159;81;18.02.2022;2
THY;10.06.2022;SXZ;Siirt;ESB-SAW;AYT;11:15;16:50;Aynı Gün;5s 35d;1.101;42;18.02.2022;3
THY;10.06.2022;SXZ;Siirt;ESB-IST;AYT;11:15;21:25;Aynı Gün;10s 10d;1.194;40;18.02.2022;3
THY;10.06.2022;SXZ;Siirt;ESB;GZT;11:15;01:05;Sonraki gün;13s 50d;1.063;42;18.02.2022;2
THY;10.06.2022;SXZ;Siirt;ESB;DLM;11:15;22:05;Aynı Gün;10s 50d;1.063;42;18.02.2022;2
THY;10.06.2022;SXZ;Siirt;ESB;IST;11:15;16:00;Aynı Gün;4s 45d;1.154;41;18.02.2022;2
THY;10.06.2022;SXZ;Siirt;ESB;IST;11:15;19:00;Aynı Gün;7s 45d;1.154;41;18.02.2022;2
THY;10.06.2022;SXZ;Siirt;ESB-SAW;KYA;11:15;19:35;Aynı Gün;8s 20d;1.101;42;18.02.2022;3
THY;10.06.2022;SXZ;Siirt;ESB-IST;KYA;11:15;23:15;Aynı Gün;12s;1.194;40;18.02.2022;3
THY;10.06.2022;SXZ;Siirt;ESB;ADB;11:15;21:15;Aynı Gün;10s;1.063;42;18.02.2022;2
THY;10.06.2022;SXZ;Siirt;ESB;ADB;11:15;22:45;Aynı Gün;11s 30d;1.063;42;18.02.2022;2
THY;10.06.2022;SXZ;Siirt;ESB;TZX;11:15;21:15;Aynı Gün;10s;1.063;42;18.02.2022;2
THY;10.06.2022;SXZ;Siirt;ESB-IST;NAV;11:15;20:00;Aynı Gün;8s 45d;1.194;40;18.02.2022;3
THY;10.06.2022;SXZ;Siirt;ESB-IST;NAV;11:15;07:55;Sonraki gün;20s 40d;1.194;40;18.02.2022;3
THY;11.07.2022;SXZ;Siirt;ESB;AYT;11:15;21:20;Aynı Gün;10s 5d;1.063;42;18.02.2022;2
THY;11.07.2022;SXZ;Siirt;IST SAW;AYT;11:40;21:45;Aynı Gün;10s 5d;1.179;41;18.02.2022;25
THY;11.07.2022;SXZ;Siirt;ESB;GZT;11:15;21:20;Aynı Gün;10s 5d;1.063;42;18.02.2022;2
THY;11.07.2022;SXZ;Siirt;IST SAW;GZT;11:40;23:35;Aynı Gün;11s 55d;1.179;41;18.02.2022;25
THY;11.07.2022;SXZ;Siirt;ESB;DLM;11:15;21:20;Aynı Gün;10s 5d;1.063;42;18.02.2022;2
THY;11.07.2022;SXZ;Siirt;IST SAW;DLM;11:40;20:35;Aynı Gün;8s 55d;1.179;41;18.02.2022;25
THY;11.07.2022;SXZ;Siirt;ESB;SAW;11:15;15:25;Aynı Gün;4s 10d;1.063;42;18.02.2022;2
THY;11.07.2022;SXZ;Siirt;IST SAW;KYA;11:40;19:55;Aynı Gün;8s 15d;1.179;41;18.02.2022;25
THY;11.07.2022;SXZ;Siirt;IST;ADB;11:40;19:05;Aynı Gün;7s 25d;1.156;40;18.02.2022;2
THY;11.07.2022;SXZ;Siirt;IST;TZX;11:40;17:35;Aynı Gün;5s 55d;1.156;40;18.02.2022;2
THY;11.07.2022;SXZ;Siirt;ESB-IST;NAV;11:15;07:55;Sonraki gün;20s 40d;1.194;40;18.02.2022;3
THY;11.08.2022;SXZ;Siirt;IST;AYT;11:40;16:55;Aynı Gün;5s 15d;1.156;40;18.02.2022;2
THY;11.08.2022;SXZ;Siirt;IST;GZT;11:40;19:10;Aynı Gün;7s 30d;1.156;40;18.02.2022;2
THY;11.08.2022;SXZ;Siirt;IST;DLM;11:40;19:55;Aynı Gün;8s 15d;1.156;40;18.02.2022;2
THY;11.08.2022;SXZ;Siirt;Direkt;IST;11:40;13:45;Aynı Gün;2s 5d;606;99;18.02.2022;1
THY;11.08.2022;SXZ;Siirt;IST SAW;KYA;11:40;20:05;Aynı Gün;8s 25d;1.179;41;18.02.2022;25
THY;11.08.2022;SXZ;Siirt;IST;ADB;11:40;17:05;Aynı Gün;5s 25d;1.156;40;18.02.2022;2
THY;11.08.2022;SXZ;Siirt;IST;TZX;11:40;19:05;Aynı Gün;7s 25d;1.156;40;18.02.2022;2
THY;11.08.2022;SXZ;Siirt;IST;NAV;11:40;20:00;Aynı Gün;8s 20d;1.156;40;18.02.2022;2
THY;5.06.2022;MZH;Amasya;IST;AYT;19:00;22:40;Aynı Gün;3s 40d;1.156;40;18.02.2022;2
THY;5.06.2022;MZH;Amasya;IST;GZT;19:00;22:40;Aynı Gün;3s 40d;1.156;40;18.02.2022;2
THY;5.06.2022;MZH;Amasya;IST;DLM;19:00;02:30;Sonraki gün;7s 30d;756;40;18.02.2022;2
THY;5.06.2022;MZH;Amasya;Direkt;IST;19:00;20:20;Aynı Gün;1s 20d;410;49;18.02.2022;1
THY;5.06.2022;MZH;Amasya;IST;KYA;19:00;23:15;Aynı Gün;4s 15d;1.156;40;18.02.2022;2
THY;5.06.2022;MZH;Amasya;IST;ADB;19:00;23:05;Aynı Gün;4s 5d;756;40;18.02.2022;2
THY;5.06.2022;MZH;Amasya;IST;TZX;19:00;00:35;Sonraki gün;5s 35d;996;40;18.02.2022;2
THY;5.06.2022;MZH;Amasya;IST;NAV;19:00;07:55;Sonraki gün;12s 55d;936;40;18.02.2022;2
THY;5.07.2022;MZH;Amasya;IST;GZT;19:00;22:40;Aynı Gün;3s 40d;1.156;40;18.02.2022;2
THY;5.07.2022;MZH;Amasya;IST;DLM;19:00;23:05;Aynı Gün;4s 5d;1.156;40;18.02.2022;2
THY;5.07.2022;MZH;Amasya;Direkt;IST;19:00;20:20;Aynı Gün;1s 20d;470;49;18.02.2022;1
THY;5.07.2022;MZH;Amasya;IST;KYA;19:00;23:15;Aynı Gün;4s 15d;1.156;40;18.02.2022;2
THY;5.07.2022;MZH;Amasya;IST;ADB;19:00;23:05;Aynı Gün;4s 5d;876;40;18.02.2022;2
THY;5.07.2022;MZH;Amasya;IST;TZX;19:00;00:35;Sonraki gün;5s 35d;1.156;40;18.02.2022;2
THY;5.07.2022;MZH;Amasya;IST;NAV;19:00;07:55;Sonraki gün;12s 55d;1.156;40;18.02.2022;2
THY;5.07.2022;MZH;Amasya;IST;AYT;19:00;22:40;Aynı Gün;3s 40d;1.156;40;18.02.2022;2
THY;5.08.2022;MZH;Amasya;IST;AYT;11:05;14:30;Aynı Gün;3s 25d;996;40;18.02.2022;2
THY;5.08.2022;MZH;Amasya;IST;GZT;11:05;17:15;Aynı Gün;6s 10d;876;40;18.02.2022;2
THY;5.08.2022;MZH;Amasya;IST;DLM;11:05;15:10;Aynı Gün;4s 5d;1.156;40;18.02.2022;2
THY;5.08.2022;MZH;Amasya;Direkt;IST;11:05;12:25;Aynı Gün;1s 20d;470;49;18.02.2022;1
THY;5.08.2022;MZH;Amasya;IST SAW;KYA;11:05;19:35;Aynı Gün;8s 30d;1.179;41;18.02.2022;25
THY;5.08.2022;MZH;Amasya;IST;ADB;11:05;15:05;Aynı Gün;4s;1.156;40;18.02.2022;2
THY;5.08.2022;MZH;Amasya;IST;TZX;11:05;15:30;Aynı Gün;4s 25d;1.076;40;18.02.2022;2
THY;5.08.2022;MZH;Amasya;IST;NAV;11:05;14:30;Aynı Gün;3s 25d;1.156;40;18.02.2022;2
PEGASUS;1.06.2022;ESB;ESB;Direkt Uçuş;AYT;06:00;07:10;None;Bekleme Yok;431.;99;17.02.2022;1
PEGASUS;1.06.2022;ESB;ESB;Istanbul-S.Gökçen Aktarmalı;AYT;09:10;12:55;None;1 saat 25 dakika bekleme;751.;98;17.02.2022;2
PEGASUS;1.06.2022;ESB;ESB;Istanbul-S.Gökçen Aktarmalı;GZT;13:15;21:35;None;5 saat 35 dakika bekleme;861.;98;17.02.2022;2
PEGASUS;1.06.2022;ESB;ESB;Istanbul-S.Gökçen Aktarmalı;DLM;05:40;09:10;None;1 saat 10 dakika bekleme;761.;98;17.02.2022;2
PEGASUS;1.06.2022;ESB;ESB;Direkt Uçuş;SAW;07:05;08:10;None;Bekleme Yok;391.;99;17.02.2022;1
PEGASUS;1.06.2022;ESB;ESB;Direkt Uçuş;SAW;12:05;13:10;None;Bekleme Yok;391.;99;17.02.2022;1
PEGASUS;1.06.2022;ESB;ESB;Direkt Uçuş;SAW;21:55;23:00;None;Bekleme Yok;391.;99;17.02.2022;1
PEGASUS;1.06.2022;ESB;ESB;Direkt Uçuş;ADB;07:40;08:55;None;Bekleme Yok;421.;99;17.02.2022;1
PEGASUS;1.06.2022;ESB;ESB;Direkt Uçuş;ADB;11:40;12:55;None;Bekleme Yok;421.;99;17.02.2022;1
PEGASUS;1.06.2022;ESB;ESB;Direkt Uçuş;ADB;21:45;23:00;None;Bekleme Yok;421.;99;17.02.2022;1
PEGASUS;1.06.2022;ESB;ESB;Istanbul-S.Gökçen Aktarmalı;TZX;05:40;09:35;None;1 saat 10 dakika bekleme;921.;98;17.02.2022;2
PEGASUS;5.06.2022;ADA;ADA;Direkt Uçuş;AYT;06:00;07:05;None;Bekleme Yok;329.;99;17.02.2022;1
PEGASUS;5.06.2022;ADA;ADA;Direkt Uçuş;AYT;21:15;22:20;None;Bekleme Yok;329.;99;17.02.2022;1
PEGASUS;5.06.2022;ADA;ADA;Istanbul-S.Gökçen Aktarmalı;DLM;05:40;11:15;None;2 saat 50 dakika bekleme;849.;98;17.02.2022;2
PEGASUS;5.06.2022;ADA;ADA;Istanbul-S.Gökçen Aktarmalı;DLM;12:35;20:00;None;4 saat 40 dakika bekleme;769.;98;17.02.2022;2
PEGASUS;5.06.2022;ADA;ADA;Direkt Uçuş;SAW;05:40;07:10;None;Bekleme Yok;429.;99;17.02.2022;1
PEGASUS;5.06.2022;ADA;ADA;Direkt Uçuş;SAW;08:15;09:45;None;Bekleme Yok;429.;99;17.02.2022;1
PEGASUS;5.06.2022;ADA;ADA;Direkt Uçuş;SAW;20:45;22:15;None;Bekleme Yok;449.;99;17.02.2022;1
PEGASUS;5.06.2022;ADA;ADA;Istanbul-S.Gökçen Aktarmalı;ADB;05:40;09:20;None;1 saat bekleme;789.;98;17.02.2022;2
PEGASUS;5.06.2022;ADA;ADA;Direkt Uçuş;ADB;08:00;09:30;None;Bekleme Yok;359.;99;17.02.2022;1
PEGASUS;5.06.2022;ADA;ADA;Istanbul-S.Gökçen Aktarmalı;ADB;17:00;22:40;None;3 saat bekleme;809.;98;17.02.2022;2
PEGASUS;5.06.2022;ADA;ADA;Istanbul-S.Gökçen Aktarmalı;TZX;05:40;11:10;None;2 saat 20 dakika bekleme;949.;98;17.02.2022;2
PEGASUS;5.06.2022;ADA;ADA;Direkt Uçuş;TZX;13:00;14:20;None;Bekleme Yok;489.;99;17.02.2022;1
PEGASUS;7.06.2022;GNY;GNY;Istanbul-S.Gökçen Aktarmalı;AYT;19:50;01:30;None;2 saat 35 dakika bekleme;829.;98;17.02.2022;2
PEGASUS;7.06.2022;GNY;GNY;Istanbul-S.Gökçen Aktarmalı;DLM;19:50;01:25;None;2 saat 30 dakika bekleme;819.;98;17.02.2022;2
PEGASUS;7.06.2022;GNY;GNY;Istanbul-S.Gökçen Aktarmalı;ADB;19:50;00:55;None;2 saat 5 dakika bekleme;839.;98;17.02.2022;2
PEGASUS;7.06.2022;GNY;GNY;Istanbul-S.Gökçen Aktarmalı;TZX;19:50;01:15;None;1 saat 55 dakika bekleme;999.;98;17.02.2022;2
PEGASUS;10.06.2022;GNY;GNY;Istanbul-S.Gökçen Aktarmalı;KYA;21:25;01:45;None;1 saat 20 dakika bekleme;839.;98;17.02.2022;2
PEGASUS;10.06.2022;KSY;KSY;Istanbul-S.Gökçen Aktarmalı;AYT;21:55;07:05;None;5 saat 45 dakika bekleme;949.;98;17.02.2022;2
PEGASUS;8.06.2022;KSY;KSY;Istanbul-S.Gökçen Aktarmalı;DLM;12:20;20:00;None;4 saat 15 dakika bekleme;939.;98;17.02.2022;2
PEGASUS;8.06.2022;KSY;KSY;Direkt Uçuş;SAW;12:20;14:30;None;Bekleme Yok;599.;99;17.02.2022;1
PEGASUS;8.06.2022;KSY;KSY;Istanbul-S.Gökçen Aktarmalı;KYA;12:20;20:10;None;4 saat 30 dakika bekleme;959.;98;17.02.2022;2
PEGASUS;8.06.2022;KSY;KSY;Istanbul-S.Gökçen Aktarmalı;ADB;12:20;19:25;None;3 saat 45 dakika bekleme;959.;98;17.02.2022;2
PEGASUS;8.06.2022;KSY;KSY;Istanbul-S.Gökçen Aktarmalı;TZX;12:20;20:15;None;4 saat 5 dakika bekleme;1.099.;98;17.02.2022;2
PEGASUS;11.06.2022;GZP;GZP;Direkt Uçuş;SAW;09:15;10:35;None;Bekleme Yok;389.;99;17.02.2022;1
PEGASUS;11.06.2022;GZP;GZP;Istanbul-S.Gökçen Aktarmalı;ADB;09:15;14:10;None;2 saat 25 dakika bekleme;749.;98;17.02.2022;2
PEGASUS;11.06.2022;GZP;GZP;Istanbul-S.Gökçen Aktarmalı;TZX;09:15;16:20;None;4 saat 5 dakika bekleme;929.;98;17.02.2022;2
PEGASUS;13.06.2022;DIY;DIY;Istanbul-S.Gökçen Aktarmalı;AYT;20:50;01:30;None;1 saat 25 dakika bekleme;969.;98;17.02.2022;2
PEGASUS;13.06.2022;DIY;DIY;Istanbul-S.Gökçen Aktarmalı;DLM;09:30;17:45;None;5 saat bekleme;909.;98;17.02.2022;2
PEGASUS;13.06.2022;DIY;DIY;Direkt Uçuş;SAW;09:30;11:30;None;Bekleme Yok;569.;98;17.02.2022;1
PEGASUS;13.06.2022;DIY;DIY;Direkt Uçuş;SAW;20:50;22:50;None;Bekleme Yok;569.;98;17.02.2022;1
PEGASUS;12.06.2022;DIY;DIY;Istanbul-S.Gökçen Aktarmalı;KYA;20:50;01:45;None;1 saat 45 dakika bekleme;959.;98;17.02.2022;2
PEGASUS;12.06.2022;DIY;DIY;Direkt Uçuş;ADB;00:15;02:25;None;Bekleme Yok;469.;99;17.02.2022;1
PEGASUS;13.06.2022;DIY;DIY;Istanbul-S.Gökçen Aktarmalı;TZX;09:30;16:20;None;3 saat 10 dakika bekleme;1.089.;98;17.02.2022;2
PEGASUS;15.06.2022;HTY;HTY;Istanbul-S.Gökçen Aktarmalı;AYT;09:00;16:35;None;4 saat 40 dakika bekleme;819.;98;17.02.2022;2
PEGASUS;15.06.2022;HTY;HTY;Istanbul-S.Gökçen Aktarmalı;DLM;09:00;17:45;None;5 saat 50 dakika bekleme;809.;98;17.02.2022;2
PEGASUS;15.06.2022;HTY;HTY;Direkt Uçuş;SAW;09:00;10:40;None;Bekleme Yok;469.;99;17.02.2022;1
PEGASUS;15.06.2022;HTY;HTY;Direkt Uçuş;SAW;21:00;22:40;None;Bekleme Yok;529.;99;17.02.2022;1
PEGASUS;17.06.2022;HTY;HTY;Istanbul-S.Gökçen Aktarmalı;KYA;21:00;01:45;None;1 saat 55 dakika bekleme;859.;98;17.02.2022;2
PEGASUS;15.06.2022;HTY;HTY;Istanbul-S.Gökçen Aktarmalı;ADB;09:00;16:10;None;4 saat 20 dakika bekleme;829.;98;17.02.2022;2
PEGASUS;15.06.2022;HTY;HTY;Istanbul-S.Gökçen Aktarmalı;TZX;09:00;16:20;None;4 saat bekleme;989.;98;17.02.2022;2
PEGASUS;19.06.2022;ASR;ASR;Istanbul-S.Gökçen Aktarmalı;AYT;06:00;11:15;None;2 saat 35 dakika bekleme;989.;98;17.02.2022;2
PEGASUS;19.06.2022;ASR;ASR;Istanbul-S.Gökçen Aktarmalı;DLM;06:00;11:15;None;2 saat 35 dakika bekleme;819.;98;17.02.2022;2
PEGASUS;19.06.2022;ASR;ASR;Direkt Uçuş;SAW;06:00;07:25;None;Bekleme Yok;419.;99;17.02.2022;1
PEGASUS;19.06.2022;ASR;ASR;Direkt Uçuş;SAW;07:45;09:10;None;Bekleme Yok;419.;99;17.02.2022;1
PEGASUS;19.06.2022;ASR;ASR;Direkt Uçuş;SAW;09:25;10:50;None;Bekleme Yok;419.;99;17.02.2022;1
PEGASUS;19.06.2022;ASR;ASR;Direkt Uçuş;SAW;22:50;00:15;None;Bekleme Yok;599.;99;17.02.2022;1
PEGASUS;19.06.2022;ASR;ASR;Istanbul-S.Gökçen Aktarmalı;ADB;06:00;10:40;None;2 saat 5 dakika bekleme;779.;98;17.02.2022;2
PEGASUS;19.06.2022;ASR;ASR;Istanbul-S.Gökçen Aktarmalı;TZX;06:00;11:10;None;2 saat 5 dakika bekleme;939.;98;17.02.2022;2
PEGASUS;21.06.2022;SZF;SZF;Istanbul-S.Gökçen Aktarmalı;AYT;05:40;11:15;None;2 saat 55 dakika bekleme;859.;98;17.02.2022;2
PEGASUS;21.06.2022;SZF;SZF;Istanbul-S.Gökçen Aktarmalı;GZT;22:40;07:25;None;5 saat 40 dakika bekleme;889.;98;17.02.2022;2
PEGASUS;21.06.2022;SZF;SZF;Istanbul-S.Gökçen Aktarmalı;DLM;05:40;11:15;None;2 saat 55 dakika bekleme;819.;98;17.02.2022;2
PEGASUS;21.06.2022;SZF;SZF;Direkt Uçuş;SAW;05:40;07:05;None;Bekleme Yok;429.;99;17.02.2022;1
PEGASUS;24.06.2022;SZF;SZF;Istanbul-S.Gökçen Aktarmalı;KYA;17:55;22:10;None;1 saat 40 dakika bekleme;789.;98;17.02.2022;2
PEGASUS;21.06.2022;SZF;SZF;Istanbul-S.Gökçen Aktarmalı;ADB;05:40;09:20;None;1 saat 5 dakika bekleme;789.;98;17.02.2022;2
PEGASUS;23.06.2022;EDO;EDO;Istanbul-S.Gökçen Aktarmalı;AYT;08:10;12:55;None;2 saat 35 dakika bekleme;649.;98;17.02.2022;2
PEGASUS;25.06.2022;EDO;EDO;Istanbul-S.Gökçen Aktarmalı;GZT;22:50;07:25;None;6 saat bekleme;739.;98;17.02.2022;2
PEGASUS;23.06.2022;EDO;EDO;Istanbul-S.Gökçen Aktarmalı;DLM;22:05;01:25;None;1 saat 10 dakika bekleme;639.;98;17.02.2022;2
PEGASUS;23.06.2022;EDO;EDO;Direkt Uçuş;SAW;08:10;09:05;None;Bekleme Yok;279.;99;17.02.2022;1
PEGASUS;24.06.2022;EDO;EDO;Istanbul-S.Gökçen Aktarmalı;KYA;22:40;01:45;None;1 saat bekleme;639.;98;17.02.2022;2
PEGASUS;23.06.2022;EDO;EDO;Istanbul-S.Gökçen Aktarmalı;TZX;08:10;16:20;None;5 saat 35 dakika bekleme;799.;98;17.02.2022;2
PEGASUS;27.06.2022;VAN;VAN;Istanbul-S.Gökçen Aktarmalı;AYT;10:15;18:35;None;4 saat 50 dakika bekleme;949.;98;17.02.2022;2
PEGASUS;27.06.2022;VAN;VAN;Istanbul-S.Gökçen Aktarmalı;DLM;10:15;17:45;None;4 saat bekleme;939.;98;17.02.2022;2
PEGASUS;27.06.2022;VAN;VAN;Direkt Uçuş;SAW;10:15;12:30;None;Bekleme Yok;599.;99;17.02.2022;1
PEGASUS;27.06.2022;VAN;VAN;Direkt Uçuş;SAW;20:15;22:30;None;Bekleme Yok;599.;99;17.02.2022;1
PEGASUS;24.06.2022;VAN;VAN;Istanbul-S.Gökçen Aktarmalı;KYA;20:15;01:45;None;2 saat 5 dakika bekleme;959.;98;17.02.2022;2
PEGASUS;27.06.2022;VAN;VAN;Istanbul-S.Gökçen Aktarmalı;ADB;10:15;16:10;None;2 saat 30 dakika bekleme;959.;98;17.02.2022;2
PEGASUS;27.06.2022;VAN;VAN;Istanbul-S.Gökçen Aktarmalı;TZX;10:15;16:20;None;2 saat 10 dakika bekleme;1.119.;98;17.02.2022;2
PEGASUS;29.06.2022;ERC;ERC;Istanbul-S.Gökçen Aktarmalı;AYT;09:10;16:35;None;4 saat 25 dakika bekleme;819.;98;17.02.2022;2
PEGASUS;29.06.2022;ERC;ERC;Istanbul-S.Gökçen Aktarmalı;DLM;09:10;17:45;None;5 saat 35 dakika bekleme;809.;98;17.02.2022;2
PEGASUS;29.06.2022;ERC;ERC;Direkt Uçuş;SAW;09:10;10:55;None;Bekleme Yok;469.;99;17.02.2022;1
PEGASUS;29.06.2022;ERC;ERC;Istanbul-S.Gökçen Aktarmalı;ADB;09:10;16:10;None;4 saat 5 dakika bekleme;829.;98;17.02.2022;2
PEGASUS;2.07.2022;MSR;MSR;Istanbul-S.Gökçen Aktarmalı;AYT;09:00;16:35;None;4 saat 15 dakika bekleme;939.;98;17.02.2022;2
PEGASUS;2.07.2022;MSR;MSR;Istanbul-S.Gökçen Aktarmalı;DLM;09:00;17:45;None;5 saat 25 dakika bekleme;1.069.;98;17.02.2022;2
PEGASUS;2.07.2022;MSR;MSR;Direkt Uçuş;SAW;09:00;11:05;None;Bekleme Yok;569.;99;17.02.2022;1
PEGASUS;2.07.2022;MSR;MSR;Istanbul-S.Gökçen Aktarmalı;ADB;09:00;14:10;None;1 saat 55 dakika bekleme;949.;98;17.02.2022;2
PEGASUS;2.07.2022;MSR;MSR;Istanbul-S.Gökçen Aktarmalı;TZX;09:00;16:20;None;3 saat 35 dakika bekleme;1.109.;98;17.02.2022;2
PEGASUS;4.07.2022;DNZ;DNZ;Istanbul-S.Gökçen Aktarmalı;GZT;20:45;00:55;None;1 saat 25 dakika bekleme;869.;98;17.02.2022;2
PEGASUS;4.07.2022;DNZ;DNZ;Direkt Uçuş;SAW;20:45;21:50;None;Bekleme Yok;389.;99;17.02.2022;1
PEGASUS;6.07.2022;DNZ;DNZ;Istanbul-S.Gökçen Aktarmalı;KYA;18:20;22:10;None;1 saat 35 dakika bekleme;749.;98;17.02.2022;2
PEGASUS;4.07.2022;DNZ;DNZ;Istanbul-S.Gökçen Aktarmalı;TZX;20:45;01:15;None;1 saat 45 dakika bekleme;909.;98;17.02.2022;2
PEGASUS;8.07.2022;MQM;MQM;Istanbul-S.Gökçen Aktarmalı;AYT;09:05;16:35;None;4 saat 15 dakika bekleme;1.139.;98;17.02.2022;2
PEGASUS;8.07.2022;MQM;MQM;Istanbul-S.Gökçen Aktarmalı;DLM;09:05;17:45;None;5 saat 25 dakika bekleme;1.169.;98;17.02.2022;2
PEGASUS;8.07.2022;MQM;MQM;Direkt Uçuş;SAW;09:05;11:05;None;Bekleme Yok;599.;99;17.02.2022;1
PEGASUS;8.07.2022;MQM;MQM;Istanbul-S.Gökçen Aktarmalı;ADB;09:05;14:10;None;1 saat 55 dakika bekleme;1.149.;98;17.02.2022;2
PEGASUS;8.07.2022;MQM;MQM;Istanbul-S.Gökçen Aktarmalı;TZX;09:05;16:20;None;3 saat 35 dakika bekleme;1.176.;98;17.02.2022;2
PEGASUS;10.07.2022;MLX;MLX;Istanbul-S.Gökçen Aktarmalı;AYT;21:00;01:30;None;1 saat 35 dakika bekleme;949.;98;17.02.2022;2
PEGASUS;10.07.2022;MLX;MLX;Istanbul-S.Gökçen Aktarmalı;DLM;21:00;01:25;None;1 saat 30 dakika bekleme;969.;98;17.02.2022;2
PEGASUS;10.07.2022;MLX;MLX;Direkt Uçuş;SAW;21:00;22:40;None;Bekleme Yok;579.;99;17.02.2022;1
PEGASUS;21.08.2022;MLX;MLX;Istanbul-S.Gökçen Aktarmalı;KYA;21:00;01:45;None;1 saat 55 dakika bekleme;939.;98;17.02.2022;2
PEGASUS;10.07.2022;MLX;MLX;Istanbul-S.Gökçen Aktarmalı;ADB;21:00;00:55;None;1 saat 5 dakika bekleme;959.;98;17.02.2022;2
PEGASUS;9.07.2022;MLX;MLX;Istanbul-S.Gökçen Aktarmalı;TZX;10:30;16:20;None;2 saat 30 dakika bekleme;1.119.;98;17.02.2022;2
PEGASUS;12.07.2022;OGU;OGU;Istanbul-S.Gökçen Aktarmalı;AYT;08:45;16:35;None;5 saat bekleme;969.;98;17.02.2022;2
PEGASUS;12.07.2022;OGU;OGU;Istanbul-S.Gökçen Aktarmalı;DLM;21:35;01:25;None;1 saat bekleme;989.;98;17.02.2022;2
PEGASUS;12.07.2022;OGU;OGU;Direkt Uçuş;SAW;08:45;10:20;None;Bekleme Yok;569.;99;17.02.2022;1
PEGASUS;19.08.2022;OGU;OGU;Istanbul-S.Gökçen Aktarmalı;KYA;21:35;01:45;None;1 saat 25 dakika bekleme;929.;98;17.02.2022;2
PEGASUS;12.08.2022;OGU;OGU;Istanbul-S.Gökçen Aktarmalı;ADB;08:45;12:35;None;1 saat 5 dakika bekleme;949.;98;17.02.2022;2
PEGASUS;30.08.2022;VAS;VAS;Istanbul-S.Gökçen Aktarmalı;ADB;22:40;07:05;None;5 saat 50 dakika bekleme;829.;98;17.02.2022;2
PEGASUS;30.08.2022;VAS;VAS;Direkt Uçuş;SAW;22:40;00:05;None;Bekleme Yok;449.;99;17.02.2022;1
PEGASUS;30.08.2022;VAS;VAS;Istanbul-S.Gökçen Aktarmalı;GZT;22:40;07:25;None;5 saat 40 dakika bekleme;949.;98;17.02.2022;2
PEGASUS;30.08.2022;VAS;VAS;Istanbul-S.Gökçen Aktarmalı;AYT;22:40;07:05;None;5 saat 45 dakika bekleme;819.;98;17.02.2022;2
PEGASUS;26.08.2022;AJI;AJI;Istanbul-S.Gökçen Aktarmalı;TZX;10:20;16:20;None;2 saat 5 dakika bekleme;1.119.;98;17.02.2022;2
PEGASUS;26.08.2022;AJI;AJI;Direkt Uçuş;SAW;10:20;12:35;None;Bekleme Yok;599.;99;17.02.2022;1
PEGASUS;26.08.2022;AJI;AJI;Istanbul-S.Gökçen Aktarmalı;DLM;10:20;17:45;None;3 saat 55 dakika bekleme;1.129.;98;17.02.2022;2
PEGASUS;26.08.2022;AJI;AJI;Istanbul-S.Gökçen Aktarmalı;AYT;10:20;18:35;None;4 saat 45 dakika bekleme;1.139.;98;17.02.2022;2
PEGASUS;26.08.2022;ERZ;ERZ;Istanbul-S.Gökçen Aktarmalı;KYA;21:10;01:45;None;1 saat 25 dakika bekleme;929.;98;17.02.2022;2
PEGASUS;27.08.2022;ERZ;ERZ;Istanbul-S.Gökçen Aktarmalı;TZX;08:05;16:20;None;4 saat 35 dakika bekleme;1.089.;98;17.02.2022;2
PEGASUS;27.08.2022;ERZ;ERZ;Istanbul-S.Gökçen Aktarmalı;ADB;08:05;12:35;None;1 saat 20 dakika bekleme;949.;98;17.02.2022;2
PEGASUS;27.08.2022;ERZ;ERZ;Istanbul-S.Gökçen Aktarmalı;AYT;08:05;12:55;None;1 saat 35 dakika bekleme;1.139.;98;17.02.2022;2
PEGASUS;27.08.2022;ERZ;ERZ;Istanbul-S.Gökçen Aktarmalı;DLM;21:10;01:25;None;1 saat bekleme;959.;98;17.02.2022;2
PEGASUS;27.08.2022;ERZ;ERZ;Direkt Uçuş;SAW;08:05;10:05;None;Bekleme Yok;569.;99;17.02.2022;1
PEGASUS;24.08.2022;OGU;OGU;Istanbul-S.Gökçen Aktarmalı;ADB;08:45;16:10;None;4 saat 40 dakika bekleme;949.;98;17.02.2022;2
PEGASUS;24.08.2022;OGU;OGU;Direkt Uçuş;SAW;08:45;10:20;None;Bekleme Yok;569.;99;17.02.2022;1
PEGASUS;24.08.2022;OGU;OGU;Istanbul-S.Gökçen Aktarmalı;DLM;21:35;01:25;None;1 saat bekleme;969.;98;17.02.2022;2
PEGASUS;24.08.2022;OGU;OGU;Istanbul-S.Gökçen Aktarmalı;AYT;08:45;16:35;None;5 saat bekleme;939.;98;17.02.2022;2
PEGASUS;21.08.2022;OGU;OGU;Istanbul-S.Gökçen Aktarmalı;KYA;21:35;01:45;None;1 saat 25 dakika bekleme;959.;98;17.02.2022;2
PEGASUS;21.08.2022;MLX;MLX;Istanbul-S.Gökçen Aktarmalı;KYA;21:00;01:45;None;1 saat 55 dakika bekleme;939.;98;17.02.2022;2
PEGASUS;22.08.2022;MLX;MLX;Istanbul-S.Gökçen Aktarmalı;AYT;09:00;12:55;None;1 saat bekleme;1.049.;98;17.02.2022;2
PEGASUS;22.08.2022;MLX;MLX;Istanbul-S.Gökçen Aktarmalı;TZX;09:00;16:20;None;4 saat bekleme;1.109.;98;17.02.2022;2
PEGASUS;22.08.2022;MLX;MLX;Istanbul-S.Gökçen Aktarmalı;ADB;09:00;14:10;None;2 saat 20 dakika bekleme;969.;98;17.02.2022;2
PEGASUS;22.08.2022;MLX;MLX;Direkt Uçuş;SAW;09:00;10:40;None;Bekleme Yok;589.;99;17.02.2022;1
PEGASUS;22.08.2022;MLX;MLX;Istanbul-S.Gökçen Aktarmalı;DLM;09:00;17:45;None;5 saat 50 dakika bekleme;979.;98;17.02.2022;2
PEGASUS;20.08.2022;MQM;MQM;Direkt Uçuş;ADB;11:55;14:05;None;Bekleme Yok;599.;99;17.02.2022;1
PEGASUS;19.08.2022;MQM;MQM;Istanbul-S.Gökçen Aktarmalı;AYT;09:05;16:35;None;4 saat 15 dakika bekleme;989.;98;17.02.2022;2
PEGASUS;19.08.2022;MQM;MQM;Istanbul-S.Gökçen Aktarmalı;DLM;09:05;17:45;None;5 saat 25 dakika bekleme;1.049.;98;17.02.2022;2
PEGASUS;19.08.2022;MQM;MQM;Direkt Uçuş;SAW;09:05;11:05;None;Bekleme Yok;559.;99;17.02.2022;1
PEGASUS;19.08.2022;MQM;MQM;Istanbul-S.Gökçen Aktarmalı;TZX;09:05;16:20;None;3 saat 35 dakika bekleme;1.079.;98;17.02.2022;2
PEGASUS;17.08.2022;DNZ;DNZ;Istanbul-S.Gökçen Aktarmalı;TZX;18:20;01:15;None;4 saat 10 dakika bekleme;909.;98;17.02.2022;2
PEGASUS;17.08.2022;DNZ;DNZ;Istanbul-S.Gökçen Aktarmalı;KYA;18:20;22:10;None;1 saat 35 dakika bekleme;749.;98;17.02.2022;2
PEGASUS;17.08.2022;DNZ;DNZ;Direkt Uçuş;SAW;18:20;19:25;None;Bekleme Yok;389.;99;17.02.2022;1
PEGASUS;17.08.2022;DNZ;DNZ;Istanbul-S.Gökçen Aktarmalı;3 saat 50 dakika bekleme;18:20;GZT;None;Bekleme Yok;;;17.02.2022;2
PEGASUS;15.08.2022;MSR;MSR;Istanbul-S.Gökçen Aktarmalı;TZX;09:00;16:20;None;3 saat 35 dakika bekleme;1.089.;98;17.02.2022;2
PEGASUS;15.08.2022;MSR;MSR;Istanbul-S.Gökçen Aktarmalı;ADB;09:00;14:10;None;1 saat 55 dakika bekleme;949.;98;17.02.2022;2
PEGASUS;15.08.2022;MSR;MSR;Direkt Uçuş;SAW;09:00;11:05;None;Bekleme Yok;569.;99;17.02.2022;1
PEGASUS;15.08.2022;MSR;MSR;Istanbul-S.Gökçen Aktarmalı;DLM;09:00;17:45;None;5 saat 25 dakika bekleme;959.;98;17.02.2022;2
PEGASUS;15.08.2022;MSR;MSR;Istanbul-S.Gökçen Aktarmalı;AYT;09:00;16:35;None;4 saat 15 dakika bekleme;939.;98;17.02.2022;2
PEGASUS;14.08.2022;ERC;ERC;Istanbul-S.Gökçen Aktarmalı;ADB;10:05;16:10;None;3 saat 10 dakika bekleme;949.;98;17.02.2022;2
PEGASUS;14.08.2022;ERC;ERC;Direkt Uçuş;SAW;10:05;11:50;None;Bekleme Yok;509.;99;17.02.2022;1
PEGASUS;14.08.2022;ERC;ERC;Istanbul-S.Gökçen Aktarmalı;DLM;10:05;17:45;None;4 saat 40 dakika bekleme;899.;98;17.02.2022;2
PEGASUS;14.08.2022;ERC;ERC;Istanbul-S.Gökçen Aktarmalı;AYT;10:05;16:35;None;3 saat 30 dakika bekleme;939.;98;17.02.2022;2
PEGASUS;12.08.2022;VAN;VAN;Istanbul-S.Gökçen Aktarmalı;TZX;20:15;01:15;None;1 saat 5 dakika bekleme;1.089.;98;17.02.2022;2
PEGASUS;12.08.2022;VAN;VAN;Istanbul-S.Gökçen Aktarmalı;ADB;20:15;00:55;None;1 saat 15 dakika bekleme;949.;98;17.02.2022;2
PEGASUS;12.08.2022;VAN;VAN;Direkt Uçuş;SAW;20:15;22:30;None;Bekleme Yok;569.;99;17.02.2022;1
PEGASUS;12.08.2022;VAN;VAN;Istanbul-S.Gökçen Aktarmalı;DLM;20:15;01:25;None;1 saat 40 dakika bekleme;959.;98;17.02.2022;2
PEGASUS;12.08.2022;VAN;VAN;Adana Aktarmalı;AYT;18:45;22:20;None;1 saat bekleme;860.;98;17.02.2022;2
PEGASUS;8.08.2022;EDO;EDO;Istanbul-S.Gökçen Aktarmalı;TZX;08:10;16:20;None;5 saat 35 dakika bekleme;839.;98;17.02.2022;2
PEGASUS;8.08.2022;EDO;EDO;Direkt Uçuş;SAW;08:10;09:05;None;Bekleme Yok;319.;99;17.02.2022;1
PEGASUS;8.08.2022;EDO;EDO;Istanbul-S.Gökçen Aktarmalı;GZT;23:00;07:25;None;5 saat 50 dakika bekleme;799.;98;17.02.2022;2
PEGASUS;8.08.2022;EDO;EDO;Istanbul-S.Gökçen Aktarmalı;AYT;08:10;12:55;None;2 saat 35 dakika bekleme;719.;98;17.02.2022;2
PEGASUS;7.08.2022;EDO;EDO;Istanbul-S.Gökçen Aktarmalı;DLM;21:35;01:25;None;1 saat 40 dakika bekleme;709.;98;17.02.2022;2
PEGASUS;7.08.2022;SZF;SZF;Istanbul-S.Gökçen Aktarmalı;AYT;09:25;16:35;None;4 saat 30 dakika bekleme;829.;98;17.02.2022;2
PEGASUS;7.08.2022;SZF;SZF;Istanbul-S.Gökçen Aktarmalı;ADB;09:25;16:10;None;4 saat 10 dakika bekleme;809.;98;17.02.2022;2
PEGASUS;7.08.2022;SZF;SZF;Direkt Uçuş;SAW;09:25;10:50;None;Bekleme Yok;429.;99;17.02.2022;1
PEGASUS;7.08.2022;SZF;SZF;Istanbul-S.Gökçen Aktarmalı;DLM;09:25;17:45;None;5 saat 40 dakika bekleme;819.;98;17.02.2022;2
PEGASUS;7.08.2022;SZF;SZF;Istanbul-S.Gökçen Aktarmalı;GZT;22:40;07:25;None;5 saat 40 dakika bekleme;909.;98;17.02.2022;2
PEGASUS;5.08.2022;SZF;SZF;Istanbul-S.Gökçen Aktarmalı;KYA;17:55;22:10;None;1 saat 40 dakika bekleme;789.;98;17.02.2022;2
PEGASUS;5.08.2022;ASR;ASR;Istanbul-S.Gökçen Aktarmalı;TZX;06:00;11:10;None;2 saat 5 dakika bekleme;939.;98;17.02.2022;2
PEGASUS;5.08.2022;ASR;ASR;Istanbul-S.Gökçen Aktarmalı;ADB;06:00;10:40;None;2 saat 5 dakika bekleme;799.;98;17.02.2022;2
PEGASUS;5.08.2022;ASR;ASR;Direkt Uçuş;SAW;06:00;07:25;None;Bekleme Yok;419.;99;17.02.2022;1
PEGASUS;5.08.2022;ASR;ASR;Istanbul-S.Gökçen Aktarmalı;DLM;06:00;11:15;None;2 saat 35 dakika bekleme;909.;98;17.02.2022;2
PEGASUS;5.08.2022;ASR;ASR;Istanbul-S.Gökçen Aktarmalı;AYT;06:00;11:15;None;2 saat 35 dakika bekleme;849.;98;17.02.2022;2
PEGASUS;2.08.2022;HTY;HTY;Istanbul-S.Gökçen Aktarmalı;AYT;09:00;16:35;None;4 saat 40 dakika bekleme;839.;98;17.02.2022;2
PEGASUS;2.08.2022;HTY;HTY;Istanbul-S.Gökçen Aktarmalı;DLM;09:00;17:45;None;5 saat 50 dakika bekleme;859.;98;17.02.2022;2
PEGASUS;2.08.2022;HTY;HTY;Direkt Uçuş;SAW;09:00;10:40;None;Bekleme Yok;469.;99;17.02.2022;1
PEGASUS;2.08.2022;HTY;HTY;Istanbul-S.Gökçen Aktarmalı;ADB;09:00;14:10;None;2 saat 20 dakika bekleme;849.;98;17.02.2022;2
PEGASUS;2.08.2022;HTY;HTY;Istanbul-S.Gökçen Aktarmalı;TZX;09:00;16:20;None;4 saat bekleme;989.;98;17.02.2022;2
PEGASUS;1.08.2022;DIY;DIY;Istanbul-S.Gökçen Aktarmalı;TZX;09:30;16:20;None;3 saat 10 dakika bekleme;1.089.;98;17.02.2022;2
PEGASUS;1.08.2022;DIY;DIY;Direkt Uçuş;SAW;09:30;11:30;None;Bekleme Yok;569.;99;17.02.2022;1
PEGASUS;1.08.2022;DIY;DIY;Istanbul-S.Gökçen Aktarmalı;DLM;09:30;17:45;None;5 saat bekleme;959.;98;17.02.2022;2
PEGASUS;1.08.2022;DIY;DIY;Istanbul-S.Gökçen Aktarmalı;AYT;20:50;01:30;None;1 saat 25 dakika bekleme;1.069.;98;17.02.2022;2
PEGASUS;31.07.2022;DIY;DIY;Direkt Uçuş;ADB;00:15;02:25;None;Bekleme Yok;489.;99;17.02.2022;1
PEGASUS;30.07.2022;GZP;GZP;Istanbul-S.Gökçen Aktarmalı;TZX;09:15;16:20;None;4 saat 5 dakika bekleme;959.;98;17.02.2022;2
PEGASUS;30.07.2022;GZP;GZP;Istanbul-S.Gökçen Aktarmalı;ADB;09:15;14:10;None;2 saat 25 dakika bekleme;799.;98;17.02.2022;2
PEGASUS;30.07.2022;GZP;GZP;Direkt Uçuş;SAW;09:15;10:35;None;Bekleme Yok;419.;99;17.02.2022;1
PEGASUS;30.07.2022;KSY;KSY;Istanbul-S.Gökçen Aktarmalı;TZX;12:20;20:15;None;4 saat 5 dakika bekleme;1.079.;98;17.02.2022;2
PEGASUS;30.07.2022;KSY;KSY;Istanbul-S.Gökçen Aktarmalı;ADB;12:20;20:10;None;4 saat 30 dakika bekleme;939.;98;17.02.2022;2
PEGASUS;30.07.2022;KSY;KSY;Istanbul-S.Gökçen Aktarmalı;KYA;12:20;20:10;None;4 saat 30 dakika bekleme;919.;98;17.02.2022;2
PEGASUS;30.07.2022;KSY;KSY;Direkt Uçuş;SAW;12:20;14:30;None;Bekleme Yok;559.;99;17.02.2022;1
PEGASUS;30.07.2022;KSY;KSY;Istanbul-S.Gökçen Aktarmalı;DLM;12:20;20:00;None;4 saat 15 dakika bekleme;949.;98;17.02.2022;2
PEGASUS;30.07.2022;KSY;KSY;Istanbul-S.Gökçen Aktarmalı;AYT;12:20;20:15;None;4 saat 30 dakika bekleme;929.;98;17.02.2022;2
PEGASUS;26.08.2022;GNY;GNY;Istanbul-S.Gökçen Aktarmalı;TZX;19:50;01:15;None;1 saat 55 dakika bekleme;1.079.;98;17.02.2022;2
PEGASUS;26.08.2022;GNY;GNY;Istanbul-S.Gökçen Aktarmalı;ADB;19:50;00:55;None;2 saat 5 dakika bekleme;939.;98;17.02.2022;2
PEGASUS;26.08.2022;GNY;GNY;Direkt Uçuş;SAW;19:50;21:40;None;Bekleme Yok;559.;99;17.02.2022;1
PEGASUS;26.08.2022;GNY;GNY;Istanbul-S.Gökçen Aktarmalı;DLM;19:50;01:25;None;2 saat 30 dakika bekleme;949.;98;17.02.2022;2
PEGASUS;26.08.2022;GNY;GNY;Istanbul-S.Gökçen Aktarmalı;AYT;19:50;01:30;None;2 saat 35 dakika bekleme;929.;98;17.02.2022;2
PEGASUS;24.07.2022;ADA;ADA;Istanbul-S.Gökçen Aktarmalı;TZX;05:40;11:10;None;2 saat 20 dakika bekleme;969.;98;17.02.2022;2
PEGASUS;24.07.2022;ADA;ADA;Istanbul-S.Gökçen Aktarmalı;ADB;05:40;09:20;None;1 saat bekleme;829.;98;17.02.2022;2
PEGASUS;24.07.2022;ADA;ADA;Direkt Uçuş;SAW;05:40;07:10;None;Bekleme Yok;449.;99;17.02.2022;1
PEGASUS;24.07.2022;ADA;ADA;Istanbul-S.Gökçen Aktarmalı;DLM;05:40;11:15;None;2 saat 50 dakika bekleme;899.;98;17.02.2022;2
PEGASUS;24.07.2022;ADA;ADA;Direkt Uçuş;AYT;06:00;07:05;None;Bekleme Yok;349.;99;17.02.2022;1
PEGASUS;20.07.2022;ESB;ESB;Istanbul-S.Gökçen Aktarmalı;TZX;05:40;09:35;None;1 saat 10 dakika bekleme;921.;98;17.02.2022;2
PEGASUS;20.07.2022;ESB;ESB;Direkt Uçuş;ADB;07:40;08:55;None;Bekleme Yok;451.;99;17.02.2022;1
PEGASUS;20.07.2022;ESB;ESB;Direkt Uçuş;SAW;05:40;06:45;None;Bekleme Yok;391.;99;17.02.2022;1
PEGASUS;20.07.2022;ESB;ESB;Istanbul-S.Gökçen Aktarmalı;DLM;05:40;11:15;None;3 saat 15 dakika bekleme;821.;98;17.02.2022;2
PEGASUS;20.07.2022;ESB;ESB;Istanbul-S.Gökçen Aktarmalı;GZT;13:15;21:35;None;5 saat 35 dakika bekleme;881.;98;17.02.2022;2
PEGASUS;20.07.2022;ESB;ESB;Istanbul-S.Gökçen Aktarmalı;AYT;05:40;11:15;None;3 saat 15 dakika bekleme;821.;98;17.02.2022;2
PEGASUS;19.07.2022;AJI;AJI;Direkt Uçuş;SAW;10:20;12:35;None;Bekleme Yok;569.;99;17.02.2022;1
PEGASUS;19.07.2022;AJI;AJI;Istanbul-S.Gökçen Aktarmalı;TZX;10:20;16:20;None;2 saat 5 dakika bekleme;1.089.;98;17.02.2022;2
PEGASUS;19.07.2022;VAS;VAS;Istanbul-S.Gökçen Aktarmalı;AYT;22:40;07:05;None;5 saat 45 dakika bekleme;869.;98;17.02.2022;2
PEGASUS;19.07.2022;VAS;VAS;Istanbul-S.Gökçen Aktarmalı;GZT;22:40;07:25;None;5 saat 40 dakika bekleme;979.;98;17.02.2022;2
PEGASUS;19.07.2022;VAS;VAS;Direkt Uçuş;SAW;22:40;00:05;None;Bekleme Yok;499.;99;17.02.2022;1
PEGASUS;19.07.2022;VAS;VAS;Istanbul-S.Gökçen Aktarmalı;ADB;22:40;07:05;None;5 saat 50 dakika bekleme;909.;98;17.02.2022;2
PEGASUS;15.07.2022;AJI;AJI;Istanbul-S.Gökçen Aktarmalı;AYT;10:20;18:35;None;4 saat 45 dakika bekleme;1.029.;98;17.02.2022;2
PEGASUS;15.07.2022;AJI;AJI;Istanbul-S.Gökçen Aktarmalı;DLM;10:20;17:45;None;3 saat 55 dakika bekleme;1.089.;98;17.02.2022;2
PEGASUS;16.07.2022;ERZ;ERZ;Istanbul-S.Gökçen Aktarmalı;TZX;08:05;16:20;None;4 saat 35 dakika bekleme;1.109.;98;17.02.2022;2
PEGASUS;16.07.2022;ERZ;ERZ;Istanbul-S.Gökçen Aktarmalı;ADB;08:05;12:35;None;1 saat 20 dakika bekleme;949.;98;17.02.2022;2
PEGASUS;14.07.2022;ERZ;ERZ;Direkt Uçuş;SAW;21:10;23:10;None;Bekleme Yok;569.;99;17.02.2022;1
PEGASUS;14.07.2022;ERZ;ERZ;Istanbul-S.Gökçen Aktarmalı;DLM;21:10;01:25;None;1 saat bekleme;1.059.;98;17.02.2022;2
PEGASUS;14.07.2022;ERZ;ERZ;Istanbul-S.Gökçen Aktarmalı;AYT;21:10;01:30;None;1 saat 5 dakika bekleme;999.;98;17.02.2022;2
PEGASUS;6.06.2022;IGD;IGD;Istanbul-S.Gökçen Aktarmalı;AYT;14:00;20:15;None;2 saat 35 dakika bekleme;919.;98;18.02.2022;2
PEGASUS;6.06.2022;IGD;IGD;Istanbul-S.Gökçen Aktarmalı;AYT;14:00;21:20;None;3 saat 40 dakika bekleme;919.;98;18.02.2022;2
PEGASUS;6.06.2022;IGD;IGD;Istanbul-S.Gökçen Aktarmalı;GZT;14:00;21:35;None;3 saat 30 dakika bekleme;1.029.;98;18.02.2022;2
PEGASUS;6.06.2022;IGD;IGD;Istanbul-S.Gökçen Aktarmalı;DLM;14:00;23:00;None;5 saat 20 dakika bekleme;909.;98;18.02.2022;2
PEGASUS;6.06.2022;IGD;IGD;Istanbul-S.Gökçen Aktarmalı;DLM;14:00;20:00;None;2 saat 20 dakika bekleme;909.;98;18.02.2022;2
PEGASUS;6.06.2022;IGD;IGD;Direkt Uçuş;SAW;14:00;16:25;None;Beklemek Yok;569.;99;18.02.2022;1
PEGASUS;6.06.2022;IGD;IGD;Istanbul-S.Gökçen Aktarmalı;KYA;14:00;22:10;None;4 saat 35 dakika bekleme;929.;98;18.02.2022;2
PEGASUS;6.06.2022;IGD;IGD;Istanbul-S.Gökçen Aktarmalı;ADB;14:00;20:10;None;2 saat 35 dakika bekleme;929.;98;18.02.2022;2
PEGASUS;6.06.2022;IGD;IGD;Istanbul-S.Gökçen Aktarmalı;ADB;14:00;19:25;None;1 saat 50 dakika bekleme;929.;98;18.02.2022;2
PEGASUS;6.06.2022;IGD;IGD;Istanbul-S.Gökçen Aktarmalı;TZX;14:00;20:30;None;2 saat 25 dakika bekleme;1.089.;98;18.02.2022;2
PEGASUS;6.06.2022;IGD;IGD;Istanbul-S.Gökçen Aktarmalı;TZX;14:00;21:55;None;3 saat 50 dakika bekleme;1.089.;98;18.02.2022;2
PEGASUS;4.07.2022;IGD;IGD;Istanbul-S.Gökçen Aktarmalı;AYT;14:00;20:15;None;2 saat 35 dakika bekleme;939.;98;18.02.2022;2
PEGASUS;4.07.2022;IGD;IGD;Istanbul-S.Gökçen Aktarmalı;AYT;14:00;21:20;None;3 saat 40 dakika bekleme;939.;98;18.02.2022;2
PEGASUS;4.07.2022;IGD;IGD;Istanbul-S.Gökçen Aktarmalı;GZT;14:00;21:35;None;3 saat 30 dakika bekleme;1.049.;98;18.02.2022;2
PEGASUS;4.07.2022;IGD;IGD;Istanbul-S.Gökçen Aktarmalı;DLM;14:00;20:00;None;2 saat 20 dakika bekleme;959.;98;18.02.2022;2
PEGASUS;4.07.2022;IGD;IGD;Istanbul-S.Gökçen Aktarmalı;DLM;14:00;21:40;None;4 saat bekleme;959.;98;18.02.2022;2
PEGASUS;4.07.2022;IGD;IGD;Direkt Uçuş;SAW;14:00;16:25;None;Beklemek Yok;569.;99;18.02.2022;1
PEGASUS;4.07.2022;IGD;IGD;Istanbul-S.Gökçen Aktarmalı;KYA;14:00;20:10;None;2 saat 35 dakika bekleme;939.;98;18.02.2022;2
PEGASUS;4.07.2022;IGD;IGD;Istanbul-S.Gökçen Aktarmalı;KYA;14:00;22:10;None;4 saat 35 dakika bekleme;929.;98;18.02.2022;2
PEGASUS;4.07.2022;IGD;IGD;Istanbul-S.Gökçen Aktarmalı;ADB;14:00;20:10;None;2 saat 35 dakika bekleme;949.;98;18.02.2022;2
PEGASUS;4.07.2022;IGD;IGD;Istanbul-S.Gökçen Aktarmalı;ADB;14:00;19:25;None;1 saat 50 dakika bekleme;949.;98;18.02.2022;2
PEGASUS;4.07.2022;IGD;IGD;Istanbul-S.Gökçen Aktarmalı;TZX;14:00;20:30;None;2 saat 25 dakika bekleme;1.089.;98;18.02.2022;2
PEGASUS;4.07.2022;IGD;IGD;Istanbul-S.Gökçen Aktarmalı;TZX;14:00;21:55;None;3 saat 50 dakika bekleme;1.089.;98;18.02.2022;2